"time, 10^(-5) c",colisions,Material,target
0.060134263033865765,18.0,Water,0.0
0.01526499321819623,11.0,Water,0.0
0.05879934878707969,17.0,Water,0.0
0.04702673015824351,14.0,Water,0.0
0.018140874471419387,10.0,Water,0.0
0.052367482856970855,15.0,Water,0.0
0.05209425934209706,20.0,Water,0.0
0.09234024664675046,12.0,Water,0.0
0.09741970389955677,19.0,Water,0.0
0.056674948642696246,16.0,Water,0.0
0.20599751148902348,18.0,Water,0.0
0.016264071211680362,16.0,Water,0.0
0.06395248384662273,12.0,Water,0.0
0.08343624932489817,19.0,Water,0.0
0.040482628795258595,10.0,Water,0.0
0.06288046863980867,21.0,Water,0.0
0.0415885480679211,16.0,Water,0.0
0.04161859381040681,10.0,Water,0.0
0.023179459144930373,8.0,Water,0.0
0.09876752874356637,13.0,Water,0.0
0.045968052864224854,11.0,Water,0.0
0.060024850535033196,15.0,Water,0.0
0.05269541789707547,16.0,Water,0.0
0.15733943266182615,26.0,Water,0.0
0.07465985442270684,13.0,Water,0.0
0.150359944963643,20.0,Water,0.0
0.11346777880230073,20.0,Water,0.0
0.037329987169851475,15.0,Water,0.0
0.020473351621574792,18.0,Water,0.0
0.06937836015178925,17.0,Water,0.0
0.020039515511519855,10.0,Water,0.0
0.027453013553571767,16.0,Water,0.0
0.028224033508430748,18.0,Water,0.0
0.050996574366090605,20.0,Water,0.0
0.038080957524549965,15.0,Water,0.0
0.11975037670764724,20.0,Water,0.0
0.11276878352790407,17.0,Water,0.0
0.06515838647979627,21.0,Water,0.0
0.008105794157350812,7.0,Water,0.0
0.07682616463959462,8.0,Water,0.0
0.06270351701920285,14.0,Water,0.0
0.022904186231296635,17.0,Water,0.0
0.05653108952791959,16.0,Water,0.0
0.020921496856359557,14.0,Water,0.0
0.017379645765128005,7.0,Water,0.0
0.028721726210067803,12.0,Water,0.0
0.058571765575656215,17.0,Water,0.0
0.0355715632726474,15.0,Water,0.0
0.19095643170791318,15.0,Water,0.0
0.053378496853022525,21.0,Water,0.0
0.011940786190106616,9.0,Water,0.0
0.09356543866179279,18.0,Water,0.0
0.07286092863455632,20.0,Water,0.0
0.12171544184715523,16.0,Water,0.0
0.07115711647431865,22.0,Water,0.0
0.09085868538044269,13.0,Water,0.0
0.1463842516920333,21.0,Water,0.0
0.029131521811664778,20.0,Water,0.0
0.07351931236683525,20.0,Water,0.0
0.050786669256710354,14.0,Water,0.0
0.04140597805212526,26.0,Water,0.0
0.01736400741192504,7.0,Water,0.0
0.008660238172637226,13.0,Water,0.0
0.06227558537858403,17.0,Water,0.0
0.11836505717786713,11.0,Water,0.0
0.008043741476613407,13.0,Water,0.0
0.03776530168220455,10.0,Water,0.0
0.05707883477651065,17.0,Water,0.0
0.050858815579098354,14.0,Water,0.0
0.044142473518892535,16.0,Water,0.0
0.0672697354046391,13.0,Water,0.0
0.13531443463957188,27.0,Water,0.0
0.107193585042795,19.0,Water,0.0
0.019206976059643353,13.0,Water,0.0
0.03655725952502319,15.0,Water,0.0
0.07541731729267091,21.0,Water,0.0
0.03609638163118889,11.0,Water,0.0
0.06803036707895906,17.0,Water,0.0
0.1658509396543872,17.0,Water,0.0
0.15837892748679452,17.0,Water,0.0
0.10120713029821277,16.0,Water,0.0
0.07920111903371964,15.0,Water,0.0
0.016201642312731683,15.0,Water,0.0
0.29629391873658917,24.0,Water,0.0
0.025440570812708726,17.0,Water,0.0
0.027152291795312592,17.0,Water,0.0
0.08149534287289312,17.0,Water,0.0
0.04410761798711578,16.0,Water,0.0
0.10249117465393807,18.0,Water,0.0
0.05269001100090086,17.0,Water,0.0
0.24814923845952933,26.0,Water,0.0
0.046189371182289475,22.0,Water,0.0
0.13784116729833484,17.0,Water,0.0
0.08164241452050178,17.0,Water,0.0
0.07524598925786052,16.0,Water,0.0
0.01642008772294997,9.0,Water,0.0
0.0794817239640951,19.0,Water,0.0
0.20689242058154766,21.0,Water,0.0
0.17623587826895942,19.0,Water,0.0
0.022704224032548105,13.0,Water,0.0
0.1277124318953413,23.0,Water,0.0
0.05354759823663081,16.0,Water,0.0
0.11581095162348401,16.0,Water,0.0
0.005599568703450351,13.0,Water,0.0
0.021545304577524543,16.0,Water,0.0
0.23592162497062646,24.0,Water,0.0
0.017817847924628292,13.0,Water,0.0
0.02617567496271688,12.0,Water,0.0
0.034988566444873956,12.0,Water,0.0
0.03903303299798112,23.0,Water,0.0
0.07080027550190308,17.0,Water,0.0
0.052986954874917926,15.0,Water,0.0
0.030241287624613873,15.0,Water,0.0
0.019643805510205906,14.0,Water,0.0
0.0631499341506568,8.0,Water,0.0
0.04883388499458827,10.0,Water,0.0
0.13183026369833273,18.0,Water,0.0
0.02353917935397198,12.0,Water,0.0
0.021945143314591267,13.0,Water,0.0
0.03460400221035542,11.0,Water,0.0
0.05349438926400201,16.0,Water,0.0
0.008488499147662002,16.0,Water,0.0
0.148276401254867,20.0,Water,0.0
0.042579644482810874,16.0,Water,0.0
0.01023884766791892,9.0,Water,0.0
0.058144477169114514,17.0,Water,0.0
0.10201173819430798,15.0,Water,0.0
0.09040221417806998,14.0,Water,0.0
0.0830601341070196,19.0,Water,0.0
0.03981004270665086,6.0,Water,0.0
0.11304957751414532,26.0,Water,0.0
0.12080356790508769,22.0,Water,0.0
0.13912309432851655,22.0,Water,0.0
0.027600205773277542,16.0,Water,0.0
0.12200418528887524,17.0,Water,0.0
0.049475665763829786,12.0,Water,0.0
0.06717164245700329,17.0,Water,0.0
0.025182526373366754,13.0,Water,0.0
0.006213348391301069,14.0,Water,0.0
0.04501738323299173,15.0,Water,0.0
0.10115029865373804,20.0,Water,0.0
0.013267696145200021,14.0,Water,0.0
0.01837224849378986,14.0,Water,0.0
0.030925320301346974,14.0,Water,0.0
0.2278151026991604,19.0,Water,0.0
0.008240549624021975,12.0,Water,0.0
0.12986419170053978,17.0,Water,0.0
0.030238112625699826,18.0,Water,0.0
0.19183879024080022,15.0,Water,0.0
0.05634177928690622,17.0,Water,0.0
0.09056073061097424,11.0,Water,0.0
0.061552267350886695,9.0,Water,0.0
0.14471453218879654,22.0,Water,0.0
0.07705516525035754,20.0,Water,0.0
0.02138959179456395,14.0,Water,0.0
0.06835952810251895,13.0,Water,0.0
0.026648992025802596,19.0,Water,0.0
0.1749556299170667,22.0,Water,0.0
0.11918161820043756,14.0,Water,0.0
0.38882037584238616,16.0,Water,0.0
0.032509952054330146,13.0,Water,0.0
0.08717068634286392,14.0,Water,0.0
0.025142955814375378,12.0,Water,0.0
0.007163555727628748,15.0,Water,0.0
0.1701773304815042,10.0,Water,0.0
0.05963710668196382,21.0,Water,0.0
0.12192297637579998,15.0,Water,0.0
0.045794394772553974,10.0,Water,0.0
0.05800845205419072,20.0,Water,0.0
0.021348716184640838,15.0,Water,0.0
0.025428468701302127,14.0,Water,0.0
0.06478292930034531,12.0,Water,0.0
0.012755845951789038,14.0,Water,0.0
0.09010297188965155,16.0,Water,0.0
0.08166929330923495,14.0,Water,0.0
0.01846230135554036,11.0,Water,0.0
0.058107272119032584,19.0,Water,0.0
0.03699583250064271,20.0,Water,0.0
0.01932861098308254,7.0,Water,0.0
0.14847406273946498,17.0,Water,0.0
0.10108422413798726,19.0,Water,0.0
0.0405228748983757,15.0,Water,0.0
0.005683546704821397,10.0,Water,0.0
0.048673593799849355,15.0,Water,0.0
0.03652909258519233,15.0,Water,0.0
0.02319802693640136,16.0,Water,0.0
0.04310634456885137,19.0,Water,0.0
0.04377675310547687,12.0,Water,0.0
0.03161450916449052,12.0,Water,0.0
0.06373840880190974,21.0,Water,0.0
0.04488197060936414,13.0,Water,0.0
0.11369953554956143,19.0,Water,0.0
0.02460964092563125,12.0,Water,0.0
0.024641415683380526,17.0,Water,0.0
0.031824516971536994,9.0,Water,0.0
0.06871616222565512,14.0,Water,0.0
0.05653610456509559,20.0,Water,0.0
0.03466718477305911,21.0,Water,0.0
0.031399792639373106,15.0,Water,0.0
0.014823324123593934,15.0,Water,0.0
0.016903933716273946,11.0,Water,0.0
0.016390557179777245,14.0,Water,0.0
0.09646672385022056,27.0,Water,0.0
0.039605139701426935,20.0,Water,0.0
0.017408912884996013,10.0,Water,0.0
0.1178446712826369,17.0,Water,0.0
0.10418151178617159,20.0,Water,0.0
0.06091249483543429,19.0,Water,0.0
0.052100863673548964,14.0,Water,0.0
0.04968081684366501,11.0,Water,0.0
0.024621888243671994,16.0,Water,0.0
0.06140696929776902,17.0,Water,0.0
0.06052961798950481,17.0,Water,0.0
0.047579636033318155,20.0,Water,0.0
0.0371818352470446,13.0,Water,0.0
0.11122640857011809,19.0,Water,0.0
0.037781693103645486,8.0,Water,0.0
0.05256222444816563,19.0,Water,0.0
0.06605186753944035,14.0,Water,0.0
0.04687616144126728,10.0,Water,0.0
0.06975412961435631,10.0,Water,0.0
0.20277281121193672,12.0,Water,0.0
0.06815889110476422,14.0,Water,0.0
0.2053710341826724,22.0,Water,0.0
0.07393514490834471,14.0,Water,0.0
0.08154348351279049,16.0,Water,0.0
0.04992647354163432,15.0,Water,0.0
0.0424524962883901,17.0,Water,0.0
0.022572845305615173,15.0,Water,0.0
0.021601284652265674,13.0,Water,0.0
0.1338849012359716,15.0,Water,0.0
0.16271393759093145,18.0,Water,0.0
0.15372233703580948,15.0,Water,0.0
0.018404274320450054,12.0,Water,0.0
0.06150689000273286,17.0,Water,0.0
0.015457757505587082,17.0,Water,0.0
0.06406041931475029,17.0,Water,0.0
0.035741196168247925,25.0,Water,0.0
0.01344292956693592,11.0,Water,0.0
0.12369207774064471,16.0,Water,0.0
0.03401885792512354,18.0,Water,0.0
0.16283825275353594,17.0,Water,0.0
0.02146485993837599,13.0,Water,0.0
0.03630229193453253,18.0,Water,0.0
0.11652143480565931,15.0,Water,0.0
0.037378301322201456,17.0,Water,0.0
0.05884624804793572,15.0,Water,0.0
0.048907846643426324,19.0,Water,0.0
0.053806121650047174,12.0,Water,0.0
0.045989789610156984,16.0,Water,0.0
0.11717299266347979,21.0,Water,0.0
0.032295883298468046,15.0,Water,0.0
0.08066369126482839,19.0,Water,0.0
0.0254613686735291,15.0,Water,0.0
0.03916583937577323,12.0,Water,0.0
0.03511803223766391,15.0,Water,0.0
0.01654337428688349,11.0,Water,0.0
0.07359351348658483,13.0,Water,0.0
0.10682733497126251,16.0,Water,0.0
0.06350953960207609,14.0,Water,0.0
0.057162426282900414,18.0,Water,0.0
0.03459373471557564,8.0,Water,0.0
0.08602590359195657,14.0,Water,0.0
0.03730585521163542,13.0,Water,0.0
0.09528924078813114,19.0,Water,0.0
0.008857775410283679,10.0,Water,0.0
0.07086738619652101,19.0,Water,0.0
0.050478685634624036,14.0,Water,0.0
0.022068456078095305,10.0,Water,0.0
0.06600258694277313,11.0,Water,0.0
0.12493901066213911,19.0,Water,0.0
0.054189046974367314,13.0,Water,0.0
0.015331330891617595,16.0,Water,0.0
0.1085916978431127,19.0,Water,0.0
0.04856863925998035,16.0,Water,0.0
0.09277678008359075,19.0,Water,0.0
0.09269460789397381,16.0,Water,0.0
0.030708590986231705,17.0,Water,0.0
0.03695399806346344,21.0,Water,0.0
0.05307743300530359,18.0,Water,0.0
0.013818766639619376,6.0,Water,0.0
0.1384040409403523,16.0,Water,0.0
0.0658526604473349,11.0,Water,0.0
0.07263954865905828,14.0,Water,0.0
0.09789760360146561,16.0,Water,0.0
0.05945694676745026,13.0,Water,0.0
0.03828651127441369,19.0,Water,0.0
0.14017110073869665,16.0,Water,0.0
0.09522734516858791,23.0,Water,0.0
0.039878511049715834,16.0,Water,0.0
0.1652554528690332,18.0,Water,0.0
0.041328872430049735,19.0,Water,0.0
0.1423159119969296,11.0,Water,0.0
0.04448045967340508,15.0,Water,0.0
0.0204953497731329,9.0,Water,0.0
0.04279708132287564,11.0,Water,0.0
0.08039853959877952,19.0,Water,0.0
0.16208353868753342,17.0,Water,0.0
0.06440615123237556,14.0,Water,0.0
0.029258865477257867,17.0,Water,0.0
0.286310417078064,28.0,Heavy Plexiglass,1.0
1.206060412261322,47.0,Heavy Plexiglass,1.0
0.8020679321596174,28.0,Heavy Plexiglass,1.0
0.21063075402423542,27.0,Heavy Plexiglass,1.0
0.8763418997939562,37.0,Heavy Plexiglass,1.0
0.5699764865743627,49.0,Heavy Plexiglass,1.0
0.7758302415735766,31.0,Heavy Plexiglass,1.0
0.42603543689435214,41.0,Heavy Plexiglass,1.0
1.3316293609988488,26.0,Heavy Plexiglass,1.0
0.24700662482699542,33.0,Heavy Plexiglass,1.0
0.3172753052429629,31.0,Heavy Plexiglass,1.0
0.4772769162584723,31.0,Heavy Plexiglass,1.0
0.4030739806473545,20.0,Heavy Plexiglass,1.0
0.9121485147792768,43.0,Heavy Plexiglass,1.0
1.1327215507404977,36.0,Heavy Plexiglass,1.0
0.7223094559434814,33.0,Heavy Plexiglass,1.0
0.5624756916996061,35.0,Heavy Plexiglass,1.0
0.2829708417540441,28.0,Heavy Plexiglass,1.0
0.24058915955351973,41.0,Heavy Plexiglass,1.0
0.3058675525391208,27.0,Heavy Plexiglass,1.0
0.4892749455042899,33.0,Heavy Plexiglass,1.0
0.434537779577579,33.0,Heavy Plexiglass,1.0
0.3684145482227832,40.0,Heavy Plexiglass,1.0
0.5486546577033858,34.0,Heavy Plexiglass,1.0
0.2618700388954586,31.0,Heavy Plexiglass,1.0
0.5289176536420238,33.0,Heavy Plexiglass,1.0
0.5398861684530137,42.0,Heavy Plexiglass,1.0
0.8656051607885459,47.0,Heavy Plexiglass,1.0
0.6034402312834709,33.0,Heavy Plexiglass,1.0
0.7878645376930503,49.0,Heavy Plexiglass,1.0
0.1595877585096596,35.0,Heavy Plexiglass,1.0
0.39812066005092356,35.0,Heavy Plexiglass,1.0
0.35075128814883155,31.0,Heavy Plexiglass,1.0
0.744104569332784,35.0,Heavy Plexiglass,1.0
0.9730740297804967,29.0,Heavy Plexiglass,1.0
0.23785091414660361,35.0,Heavy Plexiglass,1.0
0.9204690685423793,37.0,Heavy Plexiglass,1.0
0.19468598616991095,26.0,Heavy Plexiglass,1.0
0.3616953627001899,34.0,Heavy Plexiglass,1.0
0.7960850859929801,46.0,Heavy Plexiglass,1.0
0.44112858144602707,35.0,Heavy Plexiglass,1.0
0.591360289215926,31.0,Heavy Plexiglass,1.0
0.585390816264236,30.0,Heavy Plexiglass,1.0
0.9406117555435951,47.0,Heavy Plexiglass,1.0
0.8092674187694844,52.0,Heavy Plexiglass,1.0
0.3927010828797659,23.0,Heavy Plexiglass,1.0
0.3960193866365439,26.0,Heavy Plexiglass,1.0
0.39037731281924404,35.0,Heavy Plexiglass,1.0
1.6067054842362578,46.0,Heavy Plexiglass,1.0
0.4396317616914317,30.0,Heavy Plexiglass,1.0
0.7104689391993344,38.0,Heavy Plexiglass,1.0
0.7958013691293356,37.0,Heavy Plexiglass,1.0
0.242763786901042,41.0,Heavy Plexiglass,1.0
0.2680855833968197,32.0,Heavy Plexiglass,1.0
0.25586255626822024,24.0,Heavy Plexiglass,1.0
0.7347537620773009,36.0,Heavy Plexiglass,1.0
0.6542713678493072,43.0,Heavy Plexiglass,1.0
1.0392147236729417,38.0,Heavy Plexiglass,1.0
0.5693815086602705,36.0,Heavy Plexiglass,1.0
0.18667860124118174,24.0,Heavy Plexiglass,1.0
0.8644581924019656,39.0,Heavy Plexiglass,1.0
0.4989667286487656,45.0,Heavy Plexiglass,1.0
0.6535746103629216,41.0,Heavy Plexiglass,1.0
0.682452500247815,42.0,Heavy Plexiglass,1.0
0.4770142615312768,30.0,Heavy Plexiglass,1.0
0.35910899368722893,24.0,Heavy Plexiglass,1.0
0.5891237034420777,45.0,Heavy Plexiglass,1.0
1.138519906136648,43.0,Heavy Plexiglass,1.0
0.6823485229764056,50.0,Heavy Plexiglass,1.0
0.4258506213455589,34.0,Heavy Plexiglass,1.0
0.28589545195349986,27.0,Heavy Plexiglass,1.0
0.7409063248587244,30.0,Heavy Plexiglass,1.0
0.9228020028475237,39.0,Heavy Plexiglass,1.0
0.8398644504492361,33.0,Heavy Plexiglass,1.0
0.42693442840406054,31.0,Heavy Plexiglass,1.0
0.8002205295674275,32.0,Heavy Plexiglass,1.0
0.5313534957789826,43.0,Heavy Plexiglass,1.0
1.4576624029024492,56.0,Heavy Plexiglass,1.0
0.48104944078669326,31.0,Heavy Plexiglass,1.0
0.6394426350833395,40.0,Heavy Plexiglass,1.0
0.8024497578054043,40.0,Heavy Plexiglass,1.0
0.4331298890480424,30.0,Heavy Plexiglass,1.0
0.49823476449756443,42.0,Heavy Plexiglass,1.0
0.52882436791143,39.0,Heavy Plexiglass,1.0
0.253143158347972,43.0,Heavy Plexiglass,1.0
0.43314382074279895,42.0,Heavy Plexiglass,1.0
0.9587752628576869,53.0,Heavy Plexiglass,1.0
0.7978431046068382,27.0,Heavy Plexiglass,1.0
1.208760544089706,39.0,Heavy Plexiglass,1.0
0.7645001593422909,41.0,Heavy Plexiglass,1.0
1.3785463987174171,55.0,Heavy Plexiglass,1.0
0.7190836723533107,42.0,Heavy Plexiglass,1.0
1.114979161205444,47.0,Heavy Plexiglass,1.0
0.4519435548845246,37.0,Heavy Plexiglass,1.0
0.4148420280962953,36.0,Heavy Plexiglass,1.0
0.2227328509716499,33.0,Heavy Plexiglass,1.0
0.5550896609789574,40.0,Heavy Plexiglass,1.0
0.4173029391094804,36.0,Heavy Plexiglass,1.0
0.36197545019940763,28.0,Heavy Plexiglass,1.0
0.9802006924502139,37.0,Heavy Plexiglass,1.0
1.310046056380474,34.0,Heavy Plexiglass,1.0
0.5014238491126353,35.0,Heavy Plexiglass,1.0
0.51445767831163,36.0,Heavy Plexiglass,1.0
0.2790004317726637,38.0,Heavy Plexiglass,1.0
1.2799255243469754,47.0,Heavy Plexiglass,1.0
0.5573166415711537,24.0,Heavy Plexiglass,1.0
0.47030689966690614,36.0,Heavy Plexiglass,1.0
0.3733807501035078,35.0,Heavy Plexiglass,1.0
0.8130985561541032,28.0,Heavy Plexiglass,1.0
0.9906987756830176,46.0,Heavy Plexiglass,1.0
0.34503427873022496,35.0,Heavy Plexiglass,1.0
0.2754300968218141,30.0,Heavy Plexiglass,1.0
1.1077950330123336,40.0,Heavy Plexiglass,1.0
0.5761397567548815,42.0,Heavy Plexiglass,1.0
0.1925617121426011,28.0,Heavy Plexiglass,1.0
0.3413572799652115,40.0,Heavy Plexiglass,1.0
0.36233061132355865,33.0,Heavy Plexiglass,1.0
0.605150461109908,54.0,Heavy Plexiglass,1.0
0.4050996524772122,28.0,Heavy Plexiglass,1.0
0.6826973746464399,34.0,Heavy Plexiglass,1.0
0.19846916242256007,28.0,Heavy Plexiglass,1.0
1.1519540709512937,30.0,Heavy Plexiglass,1.0
0.5379003797753671,43.0,Heavy Plexiglass,1.0
1.1829139923303662,40.0,Heavy Plexiglass,1.0
0.8870633522482234,42.0,Heavy Plexiglass,1.0
0.3157367092531866,25.0,Heavy Plexiglass,1.0
0.5019033276310504,31.0,Heavy Plexiglass,1.0
0.427126657783989,41.0,Heavy Plexiglass,1.0
0.8084909252718396,46.0,Heavy Plexiglass,1.0
0.5767466036335865,38.0,Heavy Plexiglass,1.0
0.6571279298961007,40.0,Heavy Plexiglass,1.0
0.5763055251355416,24.0,Heavy Plexiglass,1.0
0.8054051970082206,41.0,Heavy Plexiglass,1.0
0.6462681796723905,41.0,Heavy Plexiglass,1.0
0.7108619179602952,30.0,Heavy Plexiglass,1.0
1.126715686683576,42.0,Heavy Plexiglass,1.0
0.47414618167020994,29.0,Heavy Plexiglass,1.0
1.1444583269715014,42.0,Heavy Plexiglass,1.0
0.3938244780386683,32.0,Heavy Plexiglass,1.0
0.5350437672999722,34.0,Heavy Plexiglass,1.0
0.732531594213514,36.0,Heavy Plexiglass,1.0
0.5381487159840861,36.0,Heavy Plexiglass,1.0
0.8870312546593606,42.0,Heavy Plexiglass,1.0
0.8089163177935738,33.0,Heavy Plexiglass,1.0
0.1427090615759207,39.0,Heavy Plexiglass,1.0
0.5090126441349275,29.0,Heavy Plexiglass,1.0
1.2321255529744135,38.0,Heavy Plexiglass,1.0
1.17745812218001,41.0,Heavy Plexiglass,1.0
1.0394028028694686,41.0,Heavy Plexiglass,1.0
0.3517039830269434,41.0,Heavy Plexiglass,1.0
0.5023022954588542,33.0,Heavy Plexiglass,1.0
0.6483000949710022,41.0,Heavy Plexiglass,1.0
0.12202976224251808,33.0,Heavy Plexiglass,1.0
0.3116701943003907,41.0,Heavy Plexiglass,1.0
0.3549915743378287,33.0,Heavy Plexiglass,1.0
0.5209546294188535,39.0,Heavy Plexiglass,1.0
0.9826913332890714,34.0,Heavy Plexiglass,1.0
0.5433659930057853,53.0,Heavy Plexiglass,1.0
0.35853128378618854,37.0,Heavy Plexiglass,1.0
0.8955956494187238,26.0,Heavy Plexiglass,1.0
1.0677258772983653,29.0,Heavy Plexiglass,1.0
0.8472080269403232,41.0,Heavy Plexiglass,1.0
0.696682765442191,37.0,Heavy Plexiglass,1.0
0.7828901437456414,35.0,Heavy Plexiglass,1.0
0.5976429916148082,37.0,Heavy Plexiglass,1.0
0.9177414814813523,27.0,Heavy Plexiglass,1.0
0.847944904065718,34.0,Heavy Plexiglass,1.0
0.4919214940245831,31.0,Heavy Plexiglass,1.0
0.6715717952378952,35.0,Heavy Plexiglass,1.0
1.1336950304865827,33.0,Heavy Plexiglass,1.0
0.1962851994221095,27.0,Heavy Plexiglass,1.0
0.6344443210342362,37.0,Heavy Plexiglass,1.0
0.8360501614099675,35.0,Heavy Plexiglass,1.0
0.14953062759878336,27.0,Heavy Plexiglass,1.0
0.7707366941801781,36.0,Heavy Plexiglass,1.0
0.8604789415069479,40.0,Heavy Plexiglass,1.0
0.1608657958730762,29.0,Heavy Plexiglass,1.0
0.6836476509301946,44.0,Heavy Plexiglass,1.0
0.33753125126201455,25.0,Heavy Plexiglass,1.0
0.7560087378176378,42.0,Heavy Plexiglass,1.0
0.30698350630676663,25.0,Heavy Plexiglass,1.0
1.3003153612495353,42.0,Heavy Plexiglass,1.0
0.5856707626845993,42.0,Heavy Plexiglass,1.0
1.1003792536660957,54.0,Heavy Plexiglass,1.0
0.7155601090801621,42.0,Heavy Plexiglass,1.0
0.41869914366192446,31.0,Heavy Plexiglass,1.0
2.111940538059779,57.0,Heavy Plexiglass,1.0
0.29595446917858564,28.0,Heavy Plexiglass,1.0
0.3708928937863998,37.0,Heavy Plexiglass,1.0
0.525749252021166,43.0,Heavy Plexiglass,1.0
0.15890577378636683,25.0,Heavy Plexiglass,1.0
0.6024582759780004,40.0,Heavy Plexiglass,1.0
0.47089615089828035,36.0,Heavy Plexiglass,1.0
0.26480025941749563,31.0,Heavy Plexiglass,1.0
0.5661366505197064,26.0,Heavy Plexiglass,1.0
0.57290020517839,40.0,Heavy Plexiglass,1.0
0.3466662743179555,29.0,Heavy Plexiglass,1.0
0.7356887835624784,44.0,Heavy Plexiglass,1.0
0.8546289353929054,39.0,Heavy Plexiglass,1.0
0.34189579298302186,34.0,Heavy Plexiglass,1.0
0.26396129934851115,46.0,Heavy Plexiglass,1.0
1.6330196268534825,39.0,Heavy Plexiglass,1.0
0.8186569755386731,31.0,Heavy Plexiglass,1.0
0.6970498972545262,37.0,Heavy Plexiglass,1.0
0.7256547568172037,38.0,Heavy Plexiglass,1.0
0.4134333515086198,36.0,Heavy Plexiglass,1.0
0.86058556522164,32.0,Heavy Plexiglass,1.0
0.4905463950785633,32.0,Heavy Plexiglass,1.0
0.4723592186919505,48.0,Heavy Plexiglass,1.0
0.16097160350591402,31.0,Heavy Plexiglass,1.0
0.7831342616867593,42.0,Heavy Plexiglass,1.0
0.4148155983216985,34.0,Heavy Plexiglass,1.0
0.7435613156582956,40.0,Heavy Plexiglass,1.0
0.5667669926159111,44.0,Heavy Plexiglass,1.0
0.4410126397941613,35.0,Heavy Plexiglass,1.0
0.48004767747643234,40.0,Heavy Plexiglass,1.0
0.6807794243085705,42.0,Heavy Plexiglass,1.0
0.3679507623208522,30.0,Heavy Plexiglass,1.0
0.3515306609284869,28.0,Heavy Plexiglass,1.0
0.35513385694059796,35.0,Heavy Plexiglass,1.0
0.3441476888534832,39.0,Heavy Plexiglass,1.0
0.17071085937252836,29.0,Heavy Plexiglass,1.0
0.49199182328603724,39.0,Heavy Plexiglass,1.0
0.23862196843720926,38.0,Heavy Plexiglass,1.0
0.47681868335638194,24.0,Heavy Plexiglass,1.0
0.3686313646785693,35.0,Heavy Plexiglass,1.0
0.9975938574923756,23.0,Heavy Plexiglass,1.0
0.26981871556813475,29.0,Heavy Plexiglass,1.0
0.7295885372931187,32.0,Heavy Plexiglass,1.0
1.1565955220355204,39.0,Heavy Plexiglass,1.0
0.3485103108844611,22.0,Heavy Plexiglass,1.0
0.7078164942440881,39.0,Heavy Plexiglass,1.0
0.35322416661260586,43.0,Heavy Plexiglass,1.0
0.6737471028057995,43.0,Heavy Plexiglass,1.0
0.5032409774596235,47.0,Heavy Plexiglass,1.0
1.174369436255911,52.0,Heavy Plexiglass,1.0
0.20637932157585642,33.0,Heavy Plexiglass,1.0
0.5342124466237893,31.0,Heavy Plexiglass,1.0
0.7673124264679836,37.0,Heavy Plexiglass,1.0
0.888887271811682,36.0,Heavy Plexiglass,1.0
0.7348866479471324,40.0,Heavy Plexiglass,1.0
1.2531643098412257,48.0,Heavy Plexiglass,1.0
0.683189409295191,39.0,Heavy Plexiglass,1.0
0.7912664143111952,49.0,Heavy Plexiglass,1.0
0.4430645660305016,27.0,Heavy Plexiglass,1.0
1.183143150137569,41.0,Heavy Plexiglass,1.0
0.5908216685755746,41.0,Heavy Plexiglass,1.0
1.004876720138372,38.0,Heavy Plexiglass,1.0
0.5986137095303764,41.0,Heavy Plexiglass,1.0
0.3119685541200035,40.0,Heavy Plexiglass,1.0
0.6489572871720686,30.0,Heavy Plexiglass,1.0
0.4214430324616894,34.0,Heavy Plexiglass,1.0
0.6837611146692691,36.0,Heavy Plexiglass,1.0
0.27763439369864923,19.0,Heavy Plexiglass,1.0
0.5005315576561614,23.0,Heavy Plexiglass,1.0
0.21896517650565486,28.0,Heavy Plexiglass,1.0
1.1174158676317572,45.0,Heavy Plexiglass,1.0
0.3399672202619224,34.0,Heavy Plexiglass,1.0
0.8450364132276983,40.0,Heavy Plexiglass,1.0
1.1192831550861153,54.0,Heavy Plexiglass,1.0
0.7719133547665412,40.0,Heavy Plexiglass,1.0
0.27127789320350154,23.0,Heavy Plexiglass,1.0
0.9565661698963293,46.0,Heavy Plexiglass,1.0
0.18704239259286246,35.0,Heavy Plexiglass,1.0
0.30340922902336703,25.0,Heavy Plexiglass,1.0
0.21923504157149992,30.0,Heavy Plexiglass,1.0
0.655890052268964,34.0,Heavy Plexiglass,1.0
1.1265406892766792,42.0,Heavy Plexiglass,1.0
1.1370218636069371,36.0,Heavy Plexiglass,1.0
0.21878312043617418,35.0,Heavy Plexiglass,1.0
0.35363929003280864,21.0,Heavy Plexiglass,1.0
0.5329870909997779,33.0,Heavy Plexiglass,1.0
0.46153278455308483,44.0,Heavy Plexiglass,1.0
0.5762947086566605,42.0,Heavy Plexiglass,1.0
0.3224917959704325,35.0,Heavy Plexiglass,1.0
0.9508976589793975,36.0,Heavy Plexiglass,1.0
0.5707236338075895,30.0,Heavy Plexiglass,1.0
0.8512075723637497,30.0,Heavy Plexiglass,1.0
0.6524620346291102,34.0,Heavy Plexiglass,1.0
0.820340933735831,42.0,Heavy Plexiglass,1.0
0.3143461207628611,35.0,Heavy Plexiglass,1.0
0.5156899599711053,34.0,Heavy Plexiglass,1.0
0.37943309732118025,24.0,Heavy Plexiglass,1.0
1.0471909487276831,37.0,Heavy Plexiglass,1.0
0.6617542554251344,39.0,Heavy Plexiglass,1.0
0.5498587839250852,42.0,Heavy Plexiglass,1.0
0.7060775700822862,48.0,Heavy Plexiglass,1.0
0.6570396319634173,31.0,Heavy Plexiglass,1.0
1.2856413254731744,39.0,Heavy Plexiglass,1.0
0.6938347110357861,35.0,Heavy Plexiglass,1.0
0.16076015454547973,38.0,Heavy Plexiglass,1.0
0.8777120936722979,35.0,Heavy Plexiglass,1.0
0.3304891857139707,37.0,Heavy Plexiglass,1.0
0.3562871565502254,32.0,Heavy Plexiglass,1.0
0.7985087645841045,47.0,Heavy Plexiglass,1.0
0.4815880471799037,34.0,Heavy Plexiglass,1.0
0.442136438667504,30.0,Heavy Plexiglass,1.0
0.5743520258695684,29.0,Heavy Plexiglass,1.0
0.6176376247075543,35.0,Heavy Plexiglass,1.0
0.45188133988431106,37.0,Heavy Plexiglass,1.0
0.9621156986454501,35.0,Heavy Plexiglass,1.0
0.6871749327521188,44.0,Heavy Plexiglass,1.0
0.5435551254003911,41.0,Heavy Plexiglass,1.0
0.894553834606404,45.0,Heavy Plexiglass,1.0
0.5305093664185941,38.0,Heavy Plexiglass,1.0
0.48232800354107525,41.0,Heavy Plexiglass,1.0
1.3106689900223232,51.0,Heavy Plexiglass,1.0
0.22472134887981932,28.0,Heavy Plexiglass,1.0
0.19934194296602406,29.0,Heavy Plexiglass,1.0
0.8575183557852057,40.0,Heavy Plexiglass,1.0
0.4452416901883436,32.0,Heavy Plexiglass,1.0
1.0402433430724338,51.0,Heavy Plexiglass,1.0
0.8819243990679619,38.0,Heavy Plexiglass,1.0
0.6930729615575862,35.0,Heavy Plexiglass,1.0
0.4877915104591631,30.0,Heavy Plexiglass,1.0
0.5561525348954066,43.0,Heavy Plexiglass,1.0
0.5183110526957397,32.0,Heavy Plexiglass,1.0
0.921589175036046,51.0,Heavy Plexiglass,1.0
0.5609726745137368,42.0,Heavy Plexiglass,1.0
0.6224524195112203,43.0,Heavy Plexiglass,1.0
0.6807181835916266,30.0,Heavy Plexiglass,1.0
0.517641875978228,41.0,Heavy Plexiglass,1.0
0.8408846887656233,31.0,Heavy Plexiglass,1.0
0.9958332529938883,38.0,Heavy Plexiglass,1.0
0.2580823696477102,28.0,Heavy Plexiglass,1.0
1.229943841346118,31.0,Heavy Plexiglass,1.0
0.40940758677852673,26.0,Heavy Plexiglass,1.0
0.5041955612163583,29.0,Heavy Plexiglass,1.0
0.45977743600844284,35.0,Heavy Plexiglass,1.0
0.7024031324818205,31.0,Heavy Plexiglass,1.0
0.44374942938781703,39.0,Heavy Plexiglass,1.0
0.6732393038716116,35.0,Heavy Plexiglass,1.0
1.0092231888843652,47.0,Heavy Plexiglass,1.0
0.8901484849372392,32.0,Heavy Plexiglass,1.0
0.5307190360342292,50.0,Heavy Plexiglass,1.0
0.6590644532113367,33.0,Heavy Plexiglass,1.0
1.2422886137452036,33.0,Heavy Plexiglass,1.0
0.5475817327426934,22.0,Heavy Plexiglass,1.0
0.740149471769379,33.0,Heavy Plexiglass,1.0
0.7162537907064492,38.0,Heavy Plexiglass,1.0
0.31024462127042857,41.0,Heavy Plexiglass,1.0
1.1190541735787316,40.0,Heavy Plexiglass,1.0
0.3304318944968071,40.0,Heavy Plexiglass,1.0
0.7548297112427544,22.0,Heavy Plexiglass,1.0
0.4473829374896763,36.0,Heavy Plexiglass,1.0
0.23849709260546947,31.0,Heavy Plexiglass,1.0
1.3843497439500385,43.0,Heavy Plexiglass,1.0
0.7055583132291551,40.0,Heavy Plexiglass,1.0
1.0006662951374816,48.0,Heavy Plexiglass,1.0
0.5875572124168268,28.0,Heavy Plexiglass,1.0
0.4151094375052115,30.0,Heavy Plexiglass,1.0
0.4720137717103095,33.0,Heavy Plexiglass,1.0
0.86285062828877,39.0,Heavy Plexiglass,1.0
0.261586093449009,35.0,Heavy Plexiglass,1.0
0.19449973294420428,22.0,Heavy Plexiglass,1.0
0.38119834545646974,27.0,Heavy Plexiglass,1.0
0.7862670178397217,37.0,Heavy Plexiglass,1.0
0.2566638357288718,23.0,Heavy Plexiglass,1.0
0.29851121059440283,36.0,Heavy Plexiglass,1.0
1.3895902210321411,46.0,Heavy Plexiglass,1.0
0.3648597534033834,33.0,Heavy Plexiglass,1.0
0.5764570984566234,28.0,Heavy Plexiglass,1.0
0.8550948766044618,47.0,Heavy Plexiglass,1.0
0.7484695818270848,46.0,Heavy Plexiglass,1.0
0.17291787446139933,16.0,Heavy Plexiglass,1.0
0.3551547931185169,34.0,Heavy Plexiglass,1.0
0.45876318731155147,33.0,Heavy Plexiglass,1.0
0.9240774867838216,29.0,Heavy Plexiglass,1.0
0.27877071594444053,45.0,Heavy Plexiglass,1.0
1.0487970197224608,38.0,Heavy Plexiglass,1.0
0.39785665798409076,33.0,Heavy Plexiglass,1.0
0.7515629197029274,38.0,Heavy Plexiglass,1.0
0.6193657670354116,35.0,Heavy Plexiglass,1.0
0.3518550934878444,40.0,Heavy Plexiglass,1.0
0.7949985171057046,37.0,Heavy Plexiglass,1.0
1.1341683054619711,39.0,Heavy Plexiglass,1.0
0.533941551669198,27.0,Heavy Plexiglass,1.0
0.7641796870277787,34.0,Heavy Plexiglass,1.0
0.7294746500687814,31.0,Heavy Plexiglass,1.0
0.2684525636313127,31.0,Heavy Plexiglass,1.0
1.2111731940515782,58.0,Heavy Plexiglass,1.0
0.486334956084549,39.0,Heavy Plexiglass,1.0
0.49744333858574835,26.0,Heavy Plexiglass,1.0
0.4285195182373344,43.0,Heavy Plexiglass,1.0
0.5900249470865689,43.0,Heavy Plexiglass,1.0
0.7086799190560541,38.0,Heavy Plexiglass,1.0
1.185122151601089,27.0,Heavy Plexiglass,1.0
0.3050179304772014,32.0,Heavy Plexiglass,1.0
0.3628649501547432,30.0,Heavy Plexiglass,1.0
0.6098876894769434,40.0,Heavy Plexiglass,1.0
0.7383240060395306,41.0,Heavy Plexiglass,1.0
0.32182633315504966,34.0,Heavy Plexiglass,1.0
0.28708745134688707,28.0,Heavy Plexiglass,1.0
0.3471132889790216,24.0,Heavy Plexiglass,1.0
0.6161711436705345,26.0,Heavy Plexiglass,1.0
0.9732151205882383,35.0,Heavy Plexiglass,1.0
0.4351324313053761,35.0,Heavy Plexiglass,1.0
0.41720597980393304,41.0,Heavy Plexiglass,1.0
0.801775409106371,46.0,Heavy Plexiglass,1.0
0.6301816700877656,49.0,Heavy Plexiglass,1.0
0.6742370767259905,37.0,Heavy Plexiglass,1.0
1.2336634051933877,40.0,Heavy Plexiglass,1.0
0.3403424643710202,38.0,Heavy Plexiglass,1.0
0.49501390634614173,37.0,Heavy Plexiglass,1.0
1.0134532710763942,40.0,Heavy Plexiglass,1.0
0.49071002673354835,42.0,Heavy Plexiglass,1.0
0.27282775028155903,36.0,Heavy Plexiglass,1.0
0.3916548442664938,29.0,Heavy Plexiglass,1.0
0.25932344448797334,28.0,Heavy Plexiglass,1.0
0.4379557560332655,37.0,Heavy Plexiglass,1.0
0.36815830767370794,34.0,Heavy Plexiglass,1.0
0.9689476336139191,38.0,Heavy Plexiglass,1.0
0.5758608231600767,35.0,Heavy Plexiglass,1.0
0.7371270866515043,36.0,Heavy Plexiglass,1.0
0.3625974279776419,35.0,Heavy Plexiglass,1.0
0.3896229901223308,36.0,Heavy Plexiglass,1.0
0.6659899125108412,34.0,Heavy Plexiglass,1.0
1.0153663610744272,40.0,Heavy Plexiglass,1.0
0.38821386194126023,33.0,Heavy Plexiglass,1.0
0.2527823833891014,28.0,Heavy Plexiglass,1.0
0.9172471664563451,31.0,Heavy Plexiglass,1.0
0.4951300246946869,34.0,Heavy Plexiglass,1.0
0.6919916200965511,51.0,Heavy Plexiglass,1.0
0.2652738381454239,30.0,Heavy Plexiglass,1.0
0.2872200263230282,27.0,Heavy Plexiglass,1.0
1.1636061920877752,37.0,Heavy Plexiglass,1.0
0.5571128746670546,35.0,Heavy Plexiglass,1.0
0.8994045894707257,37.0,Heavy Plexiglass,1.0
0.6425882996995216,38.0,Heavy Plexiglass,1.0
0.5812755683329018,46.0,Heavy Plexiglass,1.0
0.4787836923934818,25.0,Heavy Plexiglass,1.0
0.6507449448895278,34.0,Heavy Plexiglass,1.0
0.561816407946044,37.0,Heavy Plexiglass,1.0
0.7407495899491555,32.0,Heavy Plexiglass,1.0
0.8697158023838003,33.0,Heavy Plexiglass,1.0
0.5771787998208866,47.0,Heavy Plexiglass,1.0
0.4930659004024398,36.0,Heavy Plexiglass,1.0
0.680305757987841,32.0,Heavy Plexiglass,1.0
0.8813452752977314,48.0,Heavy Plexiglass,1.0
0.8496250681823616,36.0,Heavy Plexiglass,1.0
1.0260091086115282,46.0,Heavy Plexiglass,1.0
0.36812628272805475,30.0,Heavy Plexiglass,1.0
0.5699735303315292,36.0,Heavy Plexiglass,1.0
1.068555678415059,25.0,Heavy Plexiglass,1.0
0.6348974969794099,22.0,Heavy Plexiglass,1.0
0.7338083307193398,46.0,Heavy Plexiglass,1.0
0.6248187507740506,32.0,Heavy Plexiglass,1.0
0.26162033140905183,46.0,Heavy Plexiglass,1.0
0.44547297111391004,32.0,Heavy Plexiglass,1.0
1.0001020777161405,37.0,Heavy Plexiglass,1.0
0.22471786316508663,29.0,Heavy Plexiglass,1.0
0.817756631665804,32.0,Heavy Plexiglass,1.0
0.7016768819258337,30.0,Heavy Plexiglass,1.0
1.0958492793091967,36.0,Heavy Plexiglass,1.0
0.8012365812692767,42.0,Heavy Plexiglass,1.0
0.8517405527406223,30.0,Heavy Plexiglass,1.0
0.27287966746805226,28.0,Heavy Plexiglass,1.0
0.954779918820872,33.0,Heavy Plexiglass,1.0
0.260048046130932,22.0,Heavy Plexiglass,1.0
0.9127683266956786,31.0,Heavy Plexiglass,1.0
0.7386380898653901,45.0,Heavy Plexiglass,1.0
0.6260235060138535,24.0,Heavy Plexiglass,1.0
0.23068785699342423,40.0,Heavy Plexiglass,1.0
0.3051091333364733,28.0,Heavy Plexiglass,1.0
0.3931009312352619,31.0,Heavy Plexiglass,1.0
0.3235891172992529,38.0,Heavy Plexiglass,1.0
1.0179291783103896,31.0,Heavy Plexiglass,1.0
0.926746880677891,36.0,Heavy Plexiglass,1.0
0.46260812927214806,31.0,Heavy Plexiglass,1.0
0.6834367047428673,37.0,Heavy Plexiglass,1.0
0.8472990262739174,38.0,Heavy Plexiglass,1.0
0.5444632696341818,29.0,Heavy Plexiglass,1.0
0.4808024947766434,40.0,Heavy Plexiglass,1.0
0.9751128647862211,45.0,Heavy Plexiglass,1.0
0.3736429497570002,32.0,Heavy Plexiglass,1.0
0.5959164947087846,46.0,Heavy Plexiglass,1.0
0.5420386147346816,32.0,Heavy Plexiglass,1.0
0.5486235485357689,45.0,Heavy Plexiglass,1.0
0.3013589212180236,43.0,Heavy Plexiglass,1.0
1.02443153599819,30.0,Heavy Plexiglass,1.0
0.5571091467351154,39.0,Heavy Plexiglass,1.0
0.32915088100151335,35.0,Heavy Plexiglass,1.0
0.7136959165183857,36.0,Heavy Plexiglass,1.0
0.6387246940309479,33.0,Heavy Plexiglass,1.0
0.49457592291216124,33.0,Heavy Plexiglass,1.0
0.8528587059215167,50.0,Heavy Plexiglass,1.0
0.5912362809804104,31.0,Heavy Plexiglass,1.0
0.7206890709703587,29.0,Heavy Plexiglass,1.0
0.913533304990722,40.0,Heavy Plexiglass,1.0
1.2004271191311606,42.0,Heavy Plexiglass,1.0
0.286404565666617,33.0,Heavy Plexiglass,1.0
0.7293156379366739,59.0,Heavy Plexiglass,1.0
0.9778740355846367,35.0,Heavy Plexiglass,1.0
0.793657250080238,37.0,Heavy Plexiglass,1.0
0.5547033587762711,32.0,Heavy Plexiglass,1.0
0.4875288565398963,37.0,Heavy Plexiglass,1.0
1.1700309731112333,40.0,Heavy Plexiglass,1.0
0.5982347489067728,35.0,Heavy Plexiglass,1.0
0.3535463015710999,31.0,Heavy Plexiglass,1.0
0.7374516053101959,33.0,Heavy Plexiglass,1.0
0.7546507822105579,37.0,Heavy Plexiglass,1.0
0.25660419730379397,25.0,Heavy Plexiglass,1.0
0.6489551123945718,37.0,Heavy Plexiglass,1.0
0.6049244121610536,43.0,Heavy Plexiglass,1.0
0.7928211232883332,36.0,Heavy Plexiglass,1.0
0.5831601387487334,45.0,Heavy Plexiglass,1.0
0.9109280265135609,32.0,Heavy Plexiglass,1.0
0.5325533077986662,55.0,Heavy Plexiglass,1.0
0.7603482842222516,34.0,Heavy Plexiglass,1.0
0.2850104100042116,27.0,Heavy Plexiglass,1.0
1.2017847143035922,39.0,Heavy Plexiglass,1.0
0.5535183786048138,39.0,Heavy Plexiglass,1.0
0.2889044452681116,33.0,Heavy Plexiglass,1.0
0.5721513407046799,32.0,Heavy Plexiglass,1.0
0.7740704127113749,48.0,Heavy Plexiglass,1.0
0.3642338351471928,45.0,Heavy Plexiglass,1.0
1.1418568882735658,42.0,Heavy Plexiglass,1.0
0.49773825877915,35.0,Heavy Plexiglass,1.0
0.841868698309187,30.0,Heavy Plexiglass,1.0
1.0449918931397615,42.0,Heavy Plexiglass,1.0
0.8476417040431808,43.0,Heavy Plexiglass,1.0
0.2545449678806033,30.0,Heavy Plexiglass,1.0
0.3141758097244882,30.0,Heavy Plexiglass,1.0
1.049490972225868,50.0,Heavy Plexiglass,1.0
1.073101533471249,39.0,Heavy Plexiglass,1.0
0.8288719568080744,29.0,Heavy Plexiglass,1.0
0.18083933554308684,26.0,Heavy Plexiglass,1.0
0.17760745417185353,34.0,Heavy Plexiglass,1.0
0.3879810190938635,41.0,Heavy Plexiglass,1.0
0.7464625754270791,38.0,Heavy Plexiglass,1.0
0.30882741850854534,26.0,Heavy Plexiglass,1.0
0.37129807396998965,29.0,Heavy Plexiglass,1.0
0.8742228331919634,49.0,Heavy Plexiglass,1.0
0.8332725797306446,37.0,Heavy Plexiglass,1.0
0.7599148993171305,37.0,Heavy Plexiglass,1.0
0.3749584133985242,32.0,Heavy Plexiglass,1.0
1.1288642886365385,29.0,Heavy Plexiglass,1.0
0.40041532974188504,33.0,Heavy Plexiglass,1.0
1.0479810283405677,38.0,Heavy Plexiglass,1.0
0.6730344624689413,26.0,Heavy Plexiglass,1.0
0.46507417556915537,34.0,Heavy Plexiglass,1.0
1.1625895116568767,33.0,Heavy Plexiglass,1.0
1.7895591934379877,51.0,Heavy Plexiglass,1.0
0.39644804143674717,40.0,Heavy Plexiglass,1.0
0.5674444038681206,33.0,Heavy Plexiglass,1.0
0.499852253554988,40.0,Heavy Plexiglass,1.0
0.46125528630060175,32.0,Heavy Plexiglass,1.0
1.1181806704227986,29.0,Heavy Plexiglass,1.0
0.81411788982946,33.0,Heavy Plexiglass,1.0
0.7598610110338557,28.0,Heavy Plexiglass,1.0
0.3805656606725439,36.0,Heavy Plexiglass,1.0
0.3086799033258449,34.0,Heavy Plexiglass,1.0
0.17757304905500632,20.0,Heavy Plexiglass,1.0
0.18266508151152822,27.0,Heavy Plexiglass,1.0
0.27359769765869124,28.0,Heavy Plexiglass,1.0
0.6399837181506794,36.0,Heavy Plexiglass,1.0
0.9054245427148795,47.0,Heavy Plexiglass,1.0
0.35790891806198694,25.0,Heavy Plexiglass,1.0
0.8307448398842623,25.0,Heavy Plexiglass,1.0
0.29707861439492184,29.0,Heavy Plexiglass,1.0
0.2822323591491815,39.0,Heavy Plexiglass,1.0
0.37555215804082237,35.0,Heavy Plexiglass,1.0
0.4405796955771743,38.0,Heavy Plexiglass,1.0
0.579002481644084,42.0,Heavy Plexiglass,1.0
0.31086080469610905,21.0,Heavy Plexiglass,1.0
0.5997794908572489,47.0,Heavy Plexiglass,1.0
0.6095570325283834,31.0,Heavy Plexiglass,1.0
0.3461008678917079,25.0,Heavy Plexiglass,1.0
0.9800306099675175,41.0,Heavy Plexiglass,1.0
0.5594223934205674,41.0,Heavy Plexiglass,1.0
0.5329023739461853,32.0,Heavy Plexiglass,1.0
0.5954850826146146,29.0,Heavy Plexiglass,1.0
0.7851172834828842,43.0,Heavy Plexiglass,1.0
0.49194723561843096,29.0,Heavy Plexiglass,1.0
0.5204973659349256,37.0,Heavy Plexiglass,1.0
0.7635820151031661,38.0,Heavy Plexiglass,1.0
0.35976598513578373,28.0,Heavy Plexiglass,1.0
0.5485211913089107,30.0,Heavy Plexiglass,1.0
0.2963806177252208,43.0,Heavy Plexiglass,1.0
1.4382261363593645,43.0,Heavy Plexiglass,1.0
0.495898628241793,35.0,Heavy Plexiglass,1.0
0.6554169885012987,34.0,Heavy Plexiglass,1.0
0.6186506768174029,51.0,Heavy Plexiglass,1.0
0.8777043530492271,34.0,Heavy Plexiglass,1.0
0.8331685216321626,38.0,Heavy Plexiglass,1.0
0.5448178801675242,30.0,Heavy Plexiglass,1.0
0.40724193918814267,23.0,Heavy Plexiglass,1.0
0.29297327412092555,47.0,Heavy Plexiglass,1.0
0.9118782150177351,29.0,Heavy Plexiglass,1.0
0.8656667753452162,37.0,Heavy Plexiglass,1.0
0.9730277880388364,24.0,Heavy Plexiglass,1.0
0.13510108680803382,36.0,Heavy Plexiglass,1.0
0.3687277214693449,24.0,Heavy Plexiglass,1.0
1.0348078532882432,53.0,Heavy Plexiglass,1.0
0.4126029833810306,29.0,Heavy Plexiglass,1.0
0.28401035017327825,41.0,Heavy Plexiglass,1.0
0.8269481240458477,32.0,Heavy Plexiglass,1.0
0.6425768937397471,39.0,Heavy Plexiglass,1.0
0.2705888901055763,32.0,Heavy Plexiglass,1.0
0.5347167061210925,33.0,Heavy Plexiglass,1.0
0.9129252926035147,25.0,Heavy Water,2.0
1.6664683240468523,31.0,Heavy Water,2.0
1.143333614890494,32.0,Heavy Water,2.0
0.6694361170615188,26.0,Heavy Water,2.0
0.8435254350266203,40.0,Heavy Water,2.0
1.3263399625957104,39.0,Heavy Water,2.0
1.3071773373485216,27.0,Heavy Water,2.0
2.4926629446534254,42.0,Heavy Water,2.0
0.7180425164492766,31.0,Heavy Water,2.0
1.2742102739794574,38.0,Heavy Water,2.0
0.1740878412479397,25.0,Heavy Water,2.0
0.7499994506885388,28.0,Heavy Water,2.0
0.22057589836551258,20.0,Heavy Water,2.0
0.888192231333515,24.0,Heavy Water,2.0
0.6659517504919351,27.0,Heavy Water,2.0
0.6376309373605519,21.0,Heavy Water,2.0
1.1440443203093749,34.0,Heavy Water,2.0
0.9734348929965128,37.0,Heavy Water,2.0
0.6728524122227737,37.0,Heavy Water,2.0
1.553734942066868,33.0,Heavy Water,2.0
0.6794821596401852,36.0,Heavy Water,2.0
0.9090379539904614,34.0,Heavy Water,2.0
0.8946763804643902,28.0,Heavy Water,2.0
0.9374167827308596,30.0,Heavy Water,2.0
0.5940924589702942,20.0,Heavy Water,2.0
0.9661278130623823,29.0,Heavy Water,2.0
1.4981558296931952,33.0,Heavy Water,2.0
0.3499042755462271,21.0,Heavy Water,2.0
0.682662797604167,23.0,Heavy Water,2.0
1.1188096605471973,26.0,Heavy Water,2.0
0.5322139128139411,36.0,Heavy Water,2.0
0.494971550737136,18.0,Heavy Water,2.0
0.6978606073238671,32.0,Heavy Water,2.0
1.1881176566236953,36.0,Heavy Water,2.0
0.3818542516266084,26.0,Heavy Water,2.0
0.7331927386338039,19.0,Heavy Water,2.0
0.5425193471848223,28.0,Heavy Water,2.0
0.48575763617710194,27.0,Heavy Water,2.0
0.4761801562811212,34.0,Heavy Water,2.0
0.5211747433674416,28.0,Heavy Water,2.0
1.1513111165565173,24.0,Heavy Water,2.0
0.27430908033420376,29.0,Heavy Water,2.0
0.8273229137059966,27.0,Heavy Water,2.0
0.19439252361853174,28.0,Heavy Water,2.0
0.73230002687416,40.0,Heavy Water,2.0
0.6784245341301444,24.0,Heavy Water,2.0
1.1900140458134443,35.0,Heavy Water,2.0
0.9925659743060016,21.0,Heavy Water,2.0
0.4179563983488866,26.0,Heavy Water,2.0
0.5692293213829749,20.0,Heavy Water,2.0
0.6585450360202465,27.0,Heavy Water,2.0
0.7293174360414315,29.0,Heavy Water,2.0
0.5284543418096618,25.0,Heavy Water,2.0
0.6884522316417364,30.0,Heavy Water,2.0
1.5859363764328913,37.0,Heavy Water,2.0
1.265263798583473,28.0,Heavy Water,2.0
0.1566642109256459,27.0,Heavy Water,2.0
1.083352272962639,33.0,Heavy Water,2.0
1.3422442086433217,33.0,Heavy Water,2.0
1.3737230896268808,22.0,Heavy Water,2.0
0.4143089169153383,27.0,Heavy Water,2.0
1.6247683956675765,28.0,Heavy Water,2.0
0.8163429852795968,27.0,Heavy Water,2.0
0.6716117140817163,29.0,Heavy Water,2.0
0.9875510204137536,31.0,Heavy Water,2.0
0.5345596191684729,23.0,Heavy Water,2.0
0.6572816628549543,26.0,Heavy Water,2.0
0.8079144373917923,37.0,Heavy Water,2.0
0.6912621382183826,25.0,Heavy Water,2.0
0.5637528623398446,30.0,Heavy Water,2.0
0.6815795471734939,21.0,Heavy Water,2.0
0.9958894784146546,36.0,Heavy Water,2.0
0.3815961756224303,26.0,Heavy Water,2.0
0.5129362298688721,28.0,Heavy Water,2.0
1.3828867919850156,45.0,Heavy Water,2.0
0.5379597322338427,29.0,Heavy Water,2.0
0.2730147650230643,17.0,Heavy Water,2.0
0.9494977849726185,31.0,Heavy Water,2.0
0.5793145164426017,24.0,Heavy Water,2.0
1.7396269983603907,34.0,Heavy Water,2.0
1.351341040846488,22.0,Heavy Water,2.0
1.0952336615396256,43.0,Heavy Water,2.0
0.7611004754401766,31.0,Heavy Water,2.0
0.9118586094120594,37.0,Heavy Water,2.0
0.2149479586062069,21.0,Heavy Water,2.0
0.9728314759732954,32.0,Heavy Water,2.0
0.20653121652130824,24.0,Heavy Water,2.0
1.2365440733776656,36.0,Heavy Water,2.0
1.0866889834075384,40.0,Heavy Water,2.0
0.7030153701216472,21.0,Heavy Water,2.0
0.26277338939986294,20.0,Heavy Water,2.0
0.28359023228736613,20.0,Heavy Water,2.0
0.4711432055973783,31.0,Heavy Water,2.0
1.074036802575749,29.0,Heavy Water,2.0
0.898642569807013,32.0,Heavy Water,2.0
0.4772750755601036,23.0,Heavy Water,2.0
0.3421698683429507,23.0,Heavy Water,2.0
0.5362527547346725,26.0,Heavy Water,2.0
1.1078120542616645,32.0,Heavy Water,2.0
1.1568498309852224,40.0,Heavy Water,2.0
1.023317075489496,30.0,Heavy Water,2.0
0.9708225046854222,38.0,Heavy Water,2.0
1.061189080978522,32.0,Heavy Water,2.0
0.538469824892616,25.0,Heavy Water,2.0
0.6847529370535883,27.0,Heavy Water,2.0
0.841572289477148,25.0,Heavy Water,2.0
0.16379349830149453,22.0,Heavy Water,2.0
0.9942899889845416,29.0,Heavy Water,2.0
1.201848331547374,27.0,Heavy Water,2.0
0.920466401632639,32.0,Heavy Water,2.0
0.29729832224238734,36.0,Heavy Water,2.0
0.9635398530141572,36.0,Heavy Water,2.0
0.9493262266254603,37.0,Heavy Water,2.0
2.4172345962576065,29.0,Heavy Water,2.0
1.6923319493625844,21.0,Heavy Water,2.0
0.5677534835317575,24.0,Heavy Water,2.0
1.2364598645509604,31.0,Heavy Water,2.0
0.7198117584813815,18.0,Heavy Water,2.0
1.1170611075543877,30.0,Heavy Water,2.0
0.3414630576759354,32.0,Heavy Water,2.0
0.37895284908620996,26.0,Heavy Water,2.0
1.0541650159332683,28.0,Heavy Water,2.0
1.228530299531042,33.0,Heavy Water,2.0
0.7411205665751276,20.0,Heavy Water,2.0
0.8638509709630834,23.0,Heavy Water,2.0
0.44297316474888127,41.0,Heavy Water,2.0
1.5492068049971504,38.0,Heavy Water,2.0
1.14456333655798,42.0,Heavy Water,2.0
0.49789212930656135,24.0,Heavy Water,2.0
1.1119212700417194,22.0,Heavy Water,2.0
0.4818907496535864,20.0,Heavy Water,2.0
0.8129267568379273,21.0,Heavy Water,2.0
0.5587936557208728,38.0,Heavy Water,2.0
0.7375325097024773,29.0,Heavy Water,2.0
0.8060860214157239,22.0,Heavy Water,2.0
0.5035060837101604,33.0,Heavy Water,2.0
1.0143308092829442,24.0,Heavy Water,2.0
0.4648811733004888,28.0,Heavy Water,2.0
0.48702691812379484,34.0,Heavy Water,2.0
0.48309986679366484,24.0,Heavy Water,2.0
0.43875461175580943,33.0,Heavy Water,2.0
0.862428414217542,25.0,Heavy Water,2.0
0.2723571709407465,27.0,Heavy Water,2.0
0.6554035603897171,34.0,Heavy Water,2.0
0.6633493789619744,25.0,Heavy Water,2.0
0.46376015773616786,23.0,Heavy Water,2.0
0.3454615658738664,27.0,Heavy Water,2.0
0.6050893386432173,18.0,Heavy Water,2.0
0.7522665502561725,28.0,Heavy Water,2.0
0.5309587882469017,23.0,Heavy Water,2.0
0.7211620938088319,29.0,Heavy Water,2.0
0.4734750166103498,28.0,Heavy Water,2.0
0.3797386379208114,20.0,Heavy Water,2.0
0.6034317175110312,29.0,Heavy Water,2.0
0.5986468611380853,38.0,Heavy Water,2.0
1.008070703053626,21.0,Heavy Water,2.0
0.27746049766047143,23.0,Heavy Water,2.0
0.6529000628507967,24.0,Heavy Water,2.0
0.5292726727049832,31.0,Heavy Water,2.0
0.36521783566817073,17.0,Heavy Water,2.0
1.129279712474914,35.0,Heavy Water,2.0
0.5804087728651312,31.0,Heavy Water,2.0
0.7495042610027729,28.0,Heavy Water,2.0
1.1813947790527366,38.0,Heavy Water,2.0
0.15947508610923924,23.0,Heavy Water,2.0
0.36887612720651536,23.0,Heavy Water,2.0
1.4175452536041693,37.0,Heavy Water,2.0
0.7488861494945773,30.0,Heavy Water,2.0
0.9612107605264043,35.0,Heavy Water,2.0
0.4627260533141609,24.0,Heavy Water,2.0
0.7435353158268914,39.0,Heavy Water,2.0
1.3935096941539753,33.0,Heavy Water,2.0
0.8017897801993898,26.0,Heavy Water,2.0
0.9233523715625502,28.0,Heavy Water,2.0
0.8559681651534868,25.0,Heavy Water,2.0
0.36113252149031955,24.0,Heavy Water,2.0
0.26722703978403495,27.0,Heavy Water,2.0
1.049817575128175,44.0,Heavy Water,2.0
1.4601505805624526,36.0,Heavy Water,2.0
0.7131445606309617,32.0,Heavy Water,2.0
0.6377775785886256,26.0,Heavy Water,2.0
1.0395422563981376,28.0,Heavy Water,2.0
0.5954062019176557,21.0,Heavy Water,2.0
0.9191556898411973,32.0,Heavy Water,2.0
0.41424129212171046,28.0,Heavy Water,2.0
0.44423143699236783,22.0,Heavy Water,2.0
0.6101594457699697,31.0,Heavy Water,2.0
0.49920853248080277,31.0,Heavy Water,2.0
0.27445158608131603,23.0,Heavy Water,2.0
0.9592321076046021,28.0,Heavy Water,2.0
0.5384138793072141,28.0,Heavy Water,2.0
0.3208487559015649,30.0,Heavy Water,2.0
2.0224316194986716,29.0,Heavy Water,2.0
0.30341930560439156,26.0,Heavy Water,2.0
0.39969204597054553,29.0,Heavy Water,2.0
0.6209556481544478,26.0,Heavy Water,2.0
0.8580989802429068,30.0,Heavy Water,2.0
0.13087151070351336,26.0,Heavy Water,2.0
0.4047812128728108,17.0,Heavy Water,2.0
1.0047908344005423,30.0,Heavy Water,2.0
1.3448537129001543,36.0,Heavy Water,2.0
0.6931407748859506,25.0,Heavy Water,2.0
0.9878916367985572,39.0,Heavy Water,2.0
0.5538259183520495,22.0,Heavy Water,2.0
0.5696815999401119,28.0,Heavy Water,2.0
0.436707387703529,21.0,Heavy Water,2.0
0.38467778720738177,31.0,Heavy Water,2.0
0.18188261420548207,29.0,Heavy Water,2.0
0.6768520603835605,25.0,Heavy Water,2.0
0.15089653625931898,30.0,Heavy Water,2.0
0.8471882540730447,39.0,Heavy Water,2.0
0.6752001186396257,29.0,Heavy Water,2.0
0.2802000106144336,31.0,Heavy Water,2.0
0.3858147105980235,22.0,Heavy Water,2.0
1.2496720611083263,28.0,Heavy Water,2.0
0.47910762879693153,21.0,Heavy Water,2.0
0.4184761019913754,20.0,Heavy Water,2.0
0.42682040073154653,22.0,Heavy Water,2.0
1.2294224983720998,24.0,Heavy Water,2.0
1.1957060078428365,32.0,Heavy Water,2.0
0.3721303322978172,25.0,Heavy Water,2.0
1.3022616348005023,40.0,Heavy Water,2.0
1.0415067172631958,31.0,Heavy Water,2.0
0.5992114269893999,27.0,Heavy Water,2.0
0.37673413274009593,28.0,Heavy Water,2.0
0.4766154050291066,31.0,Heavy Water,2.0
0.525013871367583,24.0,Heavy Water,2.0
0.5005600872782656,28.0,Heavy Water,2.0
0.7079463247593026,31.0,Heavy Water,2.0
0.19484052120504172,21.0,Heavy Water,2.0
0.45926692944827874,30.0,Heavy Water,2.0
0.3856244368597484,15.0,Heavy Water,2.0
0.3819747026768835,31.0,Heavy Water,2.0
1.646231044987437,22.0,Heavy Water,2.0
1.1732626021468586,36.0,Heavy Water,2.0
1.2920082555863324,28.0,Heavy Water,2.0
1.6131485634129394,29.0,Heavy Water,2.0
0.9633523870684755,28.0,Heavy Water,2.0
0.6764472189967823,28.0,Heavy Water,2.0
1.7174443466847278,27.0,Heavy Water,2.0
1.1195857706827756,29.0,Heavy Water,2.0
0.5260575216695607,24.0,Heavy Water,2.0
1.5948129066130887,40.0,Heavy Water,2.0
1.1513914090929607,29.0,Heavy Water,2.0
0.49151806668263254,26.0,Heavy Water,2.0
0.6127574929849284,26.0,Heavy Water,2.0
1.0652795996446354,30.0,Heavy Water,2.0
0.7213660918531806,34.0,Heavy Water,2.0
0.491628406272356,30.0,Heavy Water,2.0
1.4208964838548506,31.0,Heavy Water,2.0
1.2344951015112804,28.0,Heavy Water,2.0
1.0899409272935479,29.0,Heavy Water,2.0
0.6286797626213613,24.0,Heavy Water,2.0
0.7441990058586492,25.0,Heavy Water,2.0
1.8477945734873118,29.0,Heavy Water,2.0
1.0585620730747947,31.0,Heavy Water,2.0
1.4737643156461975,28.0,Heavy Water,2.0
0.8343760756325829,32.0,Heavy Water,2.0
0.6146008336567877,27.0,Heavy Water,2.0
1.2003104620092997,24.0,Heavy Water,2.0
0.3347413939580349,19.0,Heavy Water,2.0
0.5345093691897694,22.0,Heavy Water,2.0
0.5249796658897248,29.0,Heavy Water,2.0
0.506030436074868,29.0,Heavy Water,2.0
0.22415793285484353,22.0,Heavy Water,2.0
0.4970244156446217,32.0,Heavy Water,2.0
1.0333582501057916,27.0,Heavy Water,2.0
0.5950985640974675,22.0,Heavy Water,2.0
0.5677559442325112,26.0,Heavy Water,2.0
0.37978415379017055,24.0,Heavy Water,2.0
0.48253328831214987,31.0,Heavy Water,2.0
0.10999243904399472,23.0,Heavy Water,2.0
0.8492752298481234,19.0,Heavy Water,2.0
0.7538492779998491,36.0,Heavy Water,2.0
0.9029858618679097,29.0,Heavy Water,2.0
0.5688263011118883,28.0,Heavy Water,2.0
0.6927191629121715,29.0,Heavy Water,2.0
0.46273928925756785,21.0,Heavy Water,2.0
0.8089569011554322,30.0,Heavy Water,2.0
1.5199086709242091,29.0,Heavy Water,2.0
1.6573402857323623,22.0,Heavy Water,2.0
1.1018944778219306,28.0,Heavy Water,2.0
0.515771812955188,32.0,Heavy Water,2.0
1.5575186194478623,32.0,Heavy Water,2.0
0.43096654447571486,30.0,Heavy Water,2.0
0.8589686631209916,32.0,Heavy Water,2.0
0.6666085018549647,29.0,Heavy Water,2.0
0.2385413949489643,27.0,Heavy Water,2.0
1.1040007190267247,35.0,Heavy Water,2.0
0.4145004254817781,27.0,Heavy Water,2.0
0.5188910398352066,21.0,Heavy Water,2.0
0.6390395282627973,26.0,Heavy Water,2.0
0.3444157421878249,28.0,Heavy Water,2.0
0.6292148283413879,24.0,Heavy Water,2.0
1.1052264212447174,31.0,Heavy Water,2.0
0.8942817717616702,31.0,Heavy Water,2.0
0.5767273638873922,35.0,Heavy Water,2.0
1.3913918584693246,29.0,Heavy Water,2.0
0.7868010190275959,37.0,Heavy Water,2.0
0.5836710114315959,40.0,Heavy Water,2.0
0.2747215497795405,25.0,Heavy Water,2.0
1.5149956120106476,35.0,Heavy Water,2.0
1.0680592815404584,28.0,Heavy Water,2.0
0.9921563690445333,32.0,Heavy Water,2.0
1.4048761159529926,29.0,Heavy Water,2.0
1.045784212291368,35.0,Heavy Water,2.0
0.8797836195616608,29.0,Heavy Water,2.0
0.4172188460549509,31.0,Heavy Water,2.0
0.4368269934044871,21.0,Heavy Water,2.0
0.7175659585386424,22.0,Heavy Water,2.0
0.3134477897648474,19.0,Heavy Water,2.0
1.2573847442242,31.0,Heavy Water,2.0
0.7600293238108188,27.0,Heavy Water,2.0
1.0344869371331196,27.0,Heavy Water,2.0
1.2226883359032181,24.0,Heavy Water,2.0
0.4968347573964633,27.0,Heavy Water,2.0
0.47209248504954604,24.0,Heavy Water,2.0
0.8656223389326846,36.0,Heavy Water,2.0
0.7699825961407878,23.0,Heavy Water,2.0
0.3115286178064471,18.0,Heavy Water,2.0
0.44229366926229496,32.0,Heavy Water,2.0
1.7323155789471394,35.0,Heavy Water,2.0
1.7455397551914993,36.0,Heavy Water,2.0
1.1772034437743049,42.0,Heavy Water,2.0
1.4760044554463432,30.0,Heavy Water,2.0
0.3662212770577582,31.0,Heavy Water,2.0
1.0217535132814681,30.0,Heavy Water,2.0
0.8616945381324306,26.0,Heavy Water,2.0
0.43015831297063956,21.0,Heavy Water,2.0
0.6394344156738518,26.0,Heavy Water,2.0
0.45653943081155257,29.0,Heavy Water,2.0
0.2804515231238765,32.0,Heavy Water,2.0
0.7824044503435497,28.0,Heavy Water,2.0
0.6210968229082932,26.0,Heavy Water,2.0
1.0801413749801714,27.0,Heavy Water,2.0
0.30989865240484943,35.0,Heavy Water,2.0
0.8606864944028432,27.0,Heavy Water,2.0
0.2517857530702788,29.0,Heavy Water,2.0
0.9887848632792617,26.0,Heavy Water,2.0
0.5870420361887154,24.0,Heavy Water,2.0
0.7759600517080237,22.0,Heavy Water,2.0
0.7374966595152254,28.0,Heavy Water,2.0
0.461558708247038,32.0,Heavy Water,2.0
0.8114235955488691,29.0,Heavy Water,2.0
0.5777639591079663,34.0,Heavy Water,2.0
0.7383705332442797,27.0,Heavy Water,2.0
2.8303737697835802,37.0,Heavy Water,2.0
0.3576199358850224,21.0,Heavy Water,2.0
0.6184129388794799,43.0,Heavy Water,2.0
0.8632567335165202,24.0,Heavy Water,2.0
1.1695994726149777,30.0,Heavy Water,2.0
1.3557597051175643,33.0,Heavy Water,2.0
1.05800747259275,29.0,Heavy Water,2.0
0.28890236614798787,28.0,Heavy Water,2.0
0.5269817495333989,21.0,Heavy Water,2.0
0.8484083226498575,30.0,Heavy Water,2.0
0.2996027702844242,22.0,Heavy Water,2.0
1.2066975827509911,35.0,Heavy Water,2.0
0.9514639319076867,23.0,Heavy Water,2.0
0.44862605611191597,30.0,Heavy Water,2.0
0.5754858895496855,26.0,Heavy Water,2.0
0.36456639038789557,22.0,Heavy Water,2.0
0.6286801595724049,32.0,Heavy Water,2.0
0.6645494698295509,30.0,Heavy Water,2.0
0.6130334210705359,26.0,Heavy Water,2.0
1.5521787960309403,29.0,Heavy Water,2.0
1.7551992458226964,36.0,Heavy Water,2.0
2.784203752072499,31.0,Heavy Water,2.0
1.2454886457276404,37.0,Heavy Water,2.0
1.167747272548535,28.0,Heavy Water,2.0
1.1615196620548498,34.0,Heavy Water,2.0
1.0718174276741765,22.0,Heavy Water,2.0
0.825574398104638,24.0,Heavy Water,2.0
0.9057799689171404,24.0,Heavy Water,2.0
0.3402663315667102,28.0,Heavy Water,2.0
0.32758875984137936,29.0,Heavy Water,2.0
0.6413944719553898,38.0,Heavy Water,2.0
1.2135578461802714,21.0,Heavy Water,2.0
0.10131187187323656,17.0,Heavy Water,2.0
1.0351997777852522,36.0,Heavy Water,2.0
1.2102706097071316,25.0,Heavy Water,2.0
1.3528275358047588,41.0,Heavy Water,2.0
0.5453378439450263,29.0,Heavy Water,2.0
0.658003057285199,30.0,Heavy Water,2.0
2.1424157026361303,45.0,Heavy Water,2.0
0.5873643500785547,15.0,Heavy Water,2.0
1.5160001680875923,35.0,Heavy Water,2.0
0.7400175613026962,35.0,Heavy Water,2.0
1.1241277393390052,37.0,Heavy Water,2.0
0.5337478442440557,28.0,Heavy Water,2.0
0.4655356270228355,17.0,Heavy Water,2.0
1.1466209798259526,36.0,Heavy Water,2.0
1.005852734580928,24.0,Heavy Water,2.0
0.9927648007455837,23.0,Heavy Water,2.0
0.30329699662463955,22.0,Heavy Water,2.0
0.4722874216519608,23.0,Heavy Water,2.0
0.6262137249643916,27.0,Heavy Water,2.0
0.25690701174240455,28.0,Heavy Water,2.0
0.7862890569455663,38.0,Heavy Water,2.0
0.7925409563670708,26.0,Heavy Water,2.0
0.7723659221456218,33.0,Heavy Water,2.0
0.25159362137117125,23.0,Heavy Water,2.0
0.42514673677682385,28.0,Heavy Water,2.0
0.5029887321020085,31.0,Heavy Water,2.0
1.151418322456039,26.0,Heavy Water,2.0
0.3173402235385662,24.0,Heavy Water,2.0
1.5956926460408964,29.0,Heavy Water,2.0
0.28943847883306395,22.0,Heavy Water,2.0
1.0695709338654507,28.0,Heavy Water,2.0
0.12243087404060314,17.0,Heavy Water,2.0
0.37445756518742784,18.0,Heavy Water,2.0
1.1314096492225583,37.0,Heavy Water,2.0
1.072158044763016,23.0,Heavy Water,2.0
0.9221409469078773,30.0,Heavy Water,2.0
0.46237355955890497,33.0,Heavy Water,2.0
1.0552185249708432,30.0,Heavy Water,2.0
1.2664878306312108,40.0,Heavy Water,2.0
0.5919937054070935,19.0,Heavy Water,2.0
0.9292177035767677,27.0,Heavy Water,2.0
0.047984458012857674,20.0,Heavy Water,2.0
0.2897899394665842,28.0,Heavy Water,2.0
0.8395633144878675,24.0,Heavy Water,2.0
1.1155905214920945,36.0,Heavy Water,2.0
0.7454674520385968,29.0,Heavy Water,2.0
0.5770182320617154,27.0,Heavy Water,2.0
0.5513035209639693,32.0,Heavy Water,2.0
1.0488019006058533,32.0,Heavy Water,2.0
0.7224169168063539,25.0,Heavy Water,2.0
0.6357907518703237,26.0,Heavy Water,2.0
0.4912895566087978,22.0,Heavy Water,2.0
1.04230519749916,31.0,Heavy Water,2.0
0.551566913353571,26.0,Heavy Water,2.0
0.8516297752215362,26.0,Heavy Water,2.0
0.4972527713013201,29.0,Heavy Water,2.0
0.6619999102235555,33.0,Heavy Water,2.0
1.323947767118548,24.0,Heavy Water,2.0
1.2065233288135233,22.0,Heavy Water,2.0
0.4622349165533442,26.0,Heavy Water,2.0
1.2972845797686863,40.0,Heavy Water,2.0
0.24608589617441007,15.0,Heavy Water,2.0
1.2469080793788905,27.0,Heavy Water,2.0
1.2695566126275635,34.0,Heavy Water,2.0
1.4603971031260037,42.0,Heavy Water,2.0
0.22956492240858134,25.0,Heavy Water,2.0
0.7099766986148285,30.0,Heavy Water,2.0
0.21731947183134906,25.0,Heavy Water,2.0
0.4662881667484621,38.0,Heavy Water,2.0
0.2909421290947999,22.0,Heavy Water,2.0
0.38391191206965664,42.0,Heavy Water,2.0
0.16364335270320407,27.0,Heavy Water,2.0
1.4337359707402189,37.0,Heavy Water,2.0
1.029688645140279,20.0,Heavy Water,2.0
0.5119570667305058,22.0,Heavy Water,2.0
1.0511443313969049,28.0,Heavy Water,2.0
0.3655534033960353,29.0,Heavy Water,2.0
0.21645760083452928,21.0,Heavy Water,2.0
1.2025258948133357,36.0,Heavy Water,2.0
0.9720825950933114,34.0,Heavy Water,2.0
0.599385280500377,26.0,Heavy Water,2.0
0.533312481669974,23.0,Heavy Water,2.0
0.2874262579396141,27.0,Heavy Water,2.0
0.4302655507880422,36.0,Heavy Water,2.0
0.48420789819524646,25.0,Heavy Water,2.0
0.5838408796266514,25.0,Heavy Water,2.0
0.2552985077400337,23.0,Heavy Water,2.0
0.6025159837311456,30.0,Heavy Water,2.0
0.41608934973680145,37.0,Heavy Water,2.0
0.49420680386368576,21.0,Heavy Water,2.0
0.614721964157776,33.0,Heavy Water,2.0
0.5740371791425879,29.0,Heavy Water,2.0
0.24027818537833007,19.0,Heavy Water,2.0
0.9574120383381163,31.0,Heavy Water,2.0
0.5164756561364945,24.0,Heavy Water,2.0
0.4951133899433646,35.0,Heavy Water,2.0
0.9152666694595609,37.0,Heavy Water,2.0
0.4641554598475697,19.0,Heavy Water,2.0
0.6642783037070229,28.0,Heavy Water,2.0
0.593935485331092,31.0,Heavy Water,2.0
0.5097360797382858,25.0,Heavy Water,2.0
0.3757585672107269,29.0,Heavy Water,2.0
0.5292125636538588,21.0,Heavy Water,2.0
0.1581129921842551,27.0,Heavy Water,2.0
0.5438973734185042,30.0,Heavy Water,2.0
1.4175580565604693,39.0,Heavy Water,2.0
0.5868391451880097,29.0,Heavy Water,2.0
1.9941167784878908,39.0,Heavy Water,2.0
0.4960161132476326,29.0,Heavy Water,2.0
0.4412321350921813,26.0,Heavy Water,2.0
0.5347561865498314,22.0,Heavy Water,2.0
0.3739648624965502,23.0,Heavy Water,2.0
0.09929768494640373,22.0,Heavy Water,2.0
0.5130537972454156,35.0,Heavy Water,2.0
1.1338650634703247,24.0,Heavy Water,2.0
0.7533739501016913,22.0,Heavy Water,2.0
0.9693498819025328,35.0,Heavy Water,2.0
0.5923120143065097,30.0,Heavy Water,2.0
0.9656970032472458,37.0,Heavy Water,2.0
0.579090954918328,21.0,Heavy Water,2.0
0.490514370603418,24.0,Heavy Water,2.0
0.37510238622972664,18.0,Heavy Water,2.0
0.9852705757669943,32.0,Heavy Water,2.0
0.3754207020540291,26.0,Heavy Water,2.0
1.0151622890218694,35.0,Heavy Water,2.0
0.57851133270666,21.0,Heavy Water,2.0
0.7370943884138798,30.0,Heavy Water,2.0
0.5298274388294447,33.0,Heavy Water,2.0
1.011578499013877,34.0,Heavy Water,2.0
0.41053091056444463,20.0,Heavy Water,2.0
0.3881753553142824,15.0,Heavy Water,2.0
0.16903736705367364,27.0,Heavy Water,2.0
0.6033284084703433,36.0,Heavy Water,2.0
0.7623722408403142,28.0,Heavy Water,2.0
0.2516512931646335,30.0,Heavy Water,2.0
0.35398021141755687,22.0,Heavy Water,2.0
0.45166145062420543,24.0,Heavy Water,2.0
0.6928377240182986,27.0,Heavy Water,2.0
0.34738634787006595,23.0,Heavy Water,2.0
1.0775996391163734,34.0,Heavy Water,2.0
0.6038999257230735,33.0,Heavy Water,2.0
1.0770026763968523,26.0,Heavy Water,2.0
0.5772571833795738,30.0,Heavy Water,2.0
0.7937968020958616,21.0,Heavy Water,2.0
0.5351951919175598,33.0,Heavy Water,2.0
0.8269962317687695,24.0,Heavy Water,2.0
1.4467750501104364,35.0,Heavy Water,2.0
0.7005634557439933,34.0,Heavy Water,2.0
0.548158518434454,26.0,Heavy Water,2.0
0.2734018035343008,29.0,Heavy Water,2.0
0.8250344444548845,27.0,Heavy Water,2.0
0.3707298511688191,31.0,Heavy Water,2.0
1.3628298571055615,31.0,Heavy Water,2.0
1.1102440351990353,31.0,Heavy Water,2.0
1.0571797783295522,33.0,Heavy Water,2.0
0.7288848850388769,27.0,Heavy Water,2.0
0.7957274030072032,35.0,Heavy Water,2.0
0.7497113613195109,39.0,Heavy Water,2.0
0.40546536412098416,23.0,Heavy Water,2.0
1.184561161686814,28.0,Heavy Water,2.0
0.8855426150281726,24.0,Heavy Water,2.0
0.24948214458561765,34.0,Heavy Water,2.0
0.5235670332209698,24.0,Heavy Water,2.0
0.34664503391684437,32.0,Heavy Water,2.0
0.46157484504546736,26.0,Heavy Water,2.0
0.4567360782820431,23.0,Heavy Water,2.0
1.0925505752359292,33.0,Heavy Water,2.0
1.0899992756562757,28.0,Heavy Water,2.0
0.9336924058045656,17.0,Heavy Water,2.0
0.3302193831299278,35.0,Heavy Water,2.0
0.26870627200027203,19.0,Heavy Water,2.0
0.5653534909421721,23.0,Heavy Water,2.0
0.7783266554942793,32.0,Heavy Water,2.0
1.0416092924940472,29.0,Heavy Water,2.0
0.8836162797239038,36.0,Heavy Water,2.0
1.4237325380263903,34.0,Heavy Water,2.0
0.39799578540819885,21.0,Heavy Water,2.0
0.6232060227211021,29.0,Heavy Water,2.0
0.4432503984621405,32.0,Heavy Water,2.0
1.214569734171781,39.0,Heavy Water,2.0
1.5594009081149696,35.0,Heavy Water,2.0
0.5057244258794211,26.0,Heavy Water,2.0
0.846977324113645,29.0,Heavy Water,2.0
0.7243495593856144,23.0,Heavy Water,2.0
0.4190893133032739,23.0,Heavy Water,2.0
1.0950508461868198,22.0,Heavy Water,2.0
0.29714744962519063,21.0,Heavy Water,2.0
0.8145159151053245,19.0,Heavy Water,2.0
1.1914159321488849,29.0,Heavy Water,2.0
0.5579419451770224,28.0,Heavy Water,2.0
0.8508957597601311,32.0,Heavy Water,2.0
1.649587809471832,30.0,Heavy Water,2.0
1.2225468950919414,22.0,Heavy Water,2.0
0.5814102560136724,21.0,Heavy Water,2.0
0.23834731117685448,25.0,Heavy Water,2.0
0.31875453628639444,30.0,Heavy Water,2.0
1.9050257684408929,26.0,Heavy Water,2.0
1.0815613657649148,32.0,Heavy Water,2.0
0.5331391641077038,28.0,Heavy Water,2.0
1.3529074072490066,23.0,Heavy Water,2.0
0.398735783665765,30.0,Heavy Water,2.0
1.6508534776278976,40.0,Heavy Water,2.0
0.8439465728160472,35.0,Heavy Water,2.0
0.2709145652906692,24.0,Heavy Water,2.0
0.8323817486704643,26.0,Heavy Water,2.0
0.8229989419794201,27.0,Heavy Water,2.0
0.5858877036730921,36.0,Heavy Water,2.0
1.6249897305085337,41.0,Heavy Water,2.0
1.4332393866088007,34.0,Heavy Water,2.0
0.7974793522779453,28.0,Heavy Water,2.0
0.5629152602461209,30.0,Heavy Water,2.0
0.2908640281241161,24.0,Heavy Water,2.0
0.7140100577002896,35.0,Heavy Water,2.0
0.8777383347378622,15.0,Heavy Water,2.0
0.7283815566211231,20.0,Heavy Water,2.0
0.6204005162256288,22.0,Heavy Water,2.0
0.5432405240366162,25.0,Heavy Water,2.0
0.4604013356846794,28.0,Heavy Water,2.0
0.7491287592667862,24.0,Heavy Water,2.0
1.5231376855995171,32.0,Heavy Water,2.0
0.42780207440409307,31.0,Heavy Water,2.0
0.6533175446325727,30.0,Heavy Water,2.0
0.7696221822497674,36.0,Heavy Water,2.0
0.7225792316829996,29.0,Heavy Water,2.0
1.5340886812251913,34.0,Heavy Water,2.0
0.37771665671384563,28.0,Heavy Water,2.0
0.7082506770966036,26.0,Heavy Water,2.0
0.20798058051158616,28.0,Heavy Water,2.0
0.7472535181021156,35.0,Heavy Water,2.0
0.28730613897524915,23.0,Heavy Water,2.0
0.3923970457869319,28.0,Heavy Water,2.0
1.164807394890123,32.0,Heavy Water,2.0
0.9347985882938047,28.0,Heavy Water,2.0
0.6790054198872247,31.0,Heavy Water,2.0
1.4311958389215897,32.0,Heavy Water,2.0
0.7942292150297227,22.0,Heavy Water,2.0
0.39872515286028376,21.0,Heavy Water,2.0
1.3183911646476527,32.0,Heavy Water,2.0
1.149807705263148,33.0,Heavy Water,2.0
0.61143636395096,32.0,Heavy Water,2.0
0.43713345800841125,26.0,Heavy Water,2.0
0.7375047971522396,33.0,Heavy Water,2.0
0.3928707923478422,22.0,Heavy Water,2.0
0.36176303348857575,22.0,Heavy Water,2.0
0.25105217473986124,22.0,Heavy Water,2.0
0.5226440934290147,22.0,Heavy Water,2.0
1.266027459248622,35.0,Heavy Water,2.0
1.080410533075119,29.0,Heavy Water,2.0
0.1840567674475491,18.0,Heavy Water,2.0
0.32424527374410445,27.0,Heavy Water,2.0
0.42333879397002816,23.0,Heavy Water,2.0
1.8071370570251686,33.0,Heavy Water,2.0
0.32317210211411784,25.0,Heavy Water,2.0
0.7647730537838549,29.0,Heavy Water,2.0
0.3930654300133354,26.0,Heavy Water,2.0
0.9592164921699204,27.0,Heavy Water,2.0
0.7143360472693194,22.0,Heavy Water,2.0
0.5258193623958951,30.0,Heavy Water,2.0
0.6310094652026079,33.0,Heavy Water,2.0
0.3783644583031629,18.0,Heavy Water,2.0
0.4557659730779377,35.0,Heavy Water,2.0
0.5588692175075826,25.0,Heavy Water,2.0
0.48455154100317444,27.0,Heavy Water,2.0
1.3349521525422945,31.0,Heavy Water,2.0
0.5831165644800455,27.0,Heavy Water,2.0
0.5694425609294133,30.0,Heavy Water,2.0
0.5886785425188202,22.0,Heavy Water,2.0
0.8309154138979198,36.0,Heavy Water,2.0
0.5356365939065245,29.0,Heavy Water,2.0
0.36448983515127303,21.0,Heavy Water,2.0
0.9324348895079189,32.0,Heavy Water,2.0
0.5188306316863396,37.0,Heavy Water,2.0
0.2651742735570714,25.0,Heavy Water,2.0
0.4429042411959331,31.0,Heavy Water,2.0
0.28613548079087525,28.0,Heavy Water,2.0
0.7753684847451462,21.0,Heavy Water,2.0
0.6628431282188297,27.0,Heavy Water,2.0
0.3592913931365625,33.0,Heavy Water,2.0
0.8276525839455239,30.0,Heavy Water,2.0
1.2404325249414192,35.0,Heavy Water,2.0
0.4283584568289094,28.0,Heavy Water,2.0
1.5293167464136455,30.0,Heavy Water,2.0
0.8914560415679665,22.0,Heavy Water,2.0
0.9250823032744304,28.0,Heavy Water,2.0
0.7792398783158506,30.0,Heavy Water,2.0
0.9142814286162225,31.0,Heavy Water,2.0
0.3620998038794808,26.0,Heavy Water,2.0
1.7065687327258114,21.0,Heavy Water,2.0
1.464621246726233,40.0,Heavy Water,2.0
0.37890016543394905,34.0,Heavy Water,2.0
1.1600632633957608,28.0,Heavy Water,2.0
0.848689097291932,27.0,Heavy Water,2.0
0.9134795189222669,36.0,Heavy Water,2.0
1.0620835840201872,34.0,Heavy Water,2.0
0.810569474234965,16.0,Heavy Water,2.0
0.6268565155500095,31.0,Heavy Water,2.0
0.2420770571377441,22.0,Heavy Water,2.0
0.5460788376953395,25.0,Heavy Water,2.0
1.4097663330428984,34.0,Heavy Water,2.0
0.4478435520675795,28.0,Heavy Water,2.0
1.306205756226512,32.0,Heavy Water,2.0
0.7554106723577811,31.0,Heavy Water,2.0
0.47268762114958673,25.0,Heavy Water,2.0
0.46524473727775933,31.0,Heavy Water,2.0
0.8795944174785705,24.0,Heavy Water,2.0
1.1616826231639983,25.0,Heavy Water,2.0
0.3772699108208812,28.0,Heavy Water,2.0
0.7349515143704443,26.0,Heavy Water,2.0
0.3869075695045297,23.0,Heavy Water,2.0
0.8146323216423965,22.0,Heavy Water,2.0
0.5912826573473637,33.0,Heavy Water,2.0
1.3115494194192916,30.0,Heavy Water,2.0
1.0355988001075367,33.0,Heavy Water,2.0
1.578684174879918,26.0,Heavy Water,2.0
1.2372983740390961,33.0,Heavy Water,2.0
0.5735967570506407,24.0,Heavy Water,2.0
0.3690526726612441,30.0,Heavy Water,2.0
0.8960620031675404,21.0,Heavy Water,2.0
0.4621176806830618,27.0,Heavy Water,2.0
0.3376170598591047,32.0,Heavy Water,2.0
1.4816765538329995,31.0,Heavy Water,2.0
0.899627818830465,35.0,Heavy Water,2.0
0.6887752464988254,26.0,Heavy Water,2.0
0.42893142743264934,25.0,Heavy Water,2.0
0.3912223958947365,23.0,Heavy Water,2.0
1.3016780761069116,30.0,Heavy Water,2.0
0.2782501221313614,26.0,Heavy Water,2.0
0.4870698642524896,32.0,Heavy Water,2.0
0.7316206420793424,28.0,Heavy Water,2.0
1.381219810972275,32.0,Heavy Water,2.0
0.6841977711782835,36.0,Heavy Water,2.0
1.0827425547747707,29.0,Heavy Water,2.0
0.7258669490637406,24.0,Heavy Water,2.0
0.9502976538527449,29.0,Heavy Water,2.0
0.530308008434521,26.0,Heavy Water,2.0
0.6840355333870494,19.0,Heavy Water,2.0
1.2902991946086892,28.0,Heavy Water,2.0
0.838207814083098,25.0,Heavy Water,2.0
0.7029776149606312,38.0,Heavy Water,2.0
1.0853689654913086,28.0,Heavy Water,2.0
1.002325104063469,32.0,Heavy Water,2.0
0.6903458119582689,30.0,Heavy Water,2.0
1.1966592802779077,36.0,Heavy Water,2.0
2.1789082200903236,36.0,Heavy Water,2.0
1.233573196728927,27.0,Heavy Water,2.0
0.8935524744618524,24.0,Heavy Water,2.0
0.9702817800564368,38.0,Heavy Water,2.0
0.4181044595833879,31.0,Heavy Water,2.0
0.7624394538808101,28.0,Heavy Water,2.0
0.42607240978583816,27.0,Heavy Water,2.0
1.1720620658007306,26.0,Heavy Water,2.0
0.34315998868632885,26.0,Heavy Water,2.0
0.5289468454000125,19.0,Heavy Water,2.0
0.6344172999502482,30.0,Heavy Water,2.0
0.8332666516076886,38.0,Heavy Water,2.0
0.6576993528235663,24.0,Heavy Water,2.0
0.9741464907810073,32.0,Heavy Water,2.0
0.9647469816227319,24.0,Heavy Water,2.0
0.5708941456234135,23.0,Heavy Water,2.0
0.7875770677122101,34.0,Heavy Water,2.0
0.661587788731653,29.0,Heavy Water,2.0
0.6441366490054216,34.0,Heavy Water,2.0
0.8264902350239233,31.0,Heavy Water,2.0
0.5585027477125074,16.0,Heavy Water,2.0
0.7142851322408822,27.0,Heavy Water,2.0
1.0358548039286832,32.0,Heavy Water,2.0
0.5371514522637993,25.0,Heavy Water,2.0
0.6154970619421706,33.0,Heavy Water,2.0
0.6191709108994008,26.0,Heavy Water,2.0
0.48043849206214795,28.0,Heavy Water,2.0
0.4648585201847797,28.0,Heavy Water,2.0
0.735672134687085,32.0,Heavy Water,2.0
0.422501788318823,32.0,Heavy Water,2.0
2.342565061934292,33.0,Heavy Water,2.0
0.9170409638958683,28.0,Heavy Water,2.0
0.8219779653525605,33.0,Heavy Water,2.0
0.5065386890414921,29.0,Heavy Water,2.0
0.6281526316385205,28.0,Heavy Water,2.0
0.7991062134086248,29.0,Heavy Water,2.0
1.3207341579530187,29.0,Heavy Water,2.0
0.38220534893167274,30.0,Heavy Water,2.0
1.4144868146000995,39.0,Heavy Water,2.0
1.1870660148964531,48.0,Heavy Water,2.0
0.3226780037447669,19.0,Heavy Water,2.0
1.630849496107144,30.0,Heavy Water,2.0
0.4886309741482668,23.0,Heavy Water,2.0
0.30017165290983777,29.0,Heavy Water,2.0
0.32080226664223516,28.0,Heavy Water,2.0
0.9773372528083094,24.0,Heavy Water,2.0
1.2738984239525402,29.0,Heavy Water,2.0
0.7050076138735625,26.0,Heavy Water,2.0
1.4069890620419288,44.0,Heavy Water,2.0
0.742327350907385,26.0,Heavy Water,2.0
0.3660218295332463,31.0,Heavy Water,2.0
1.2057878195685816,23.0,Heavy Water,2.0
0.9294635307849103,29.0,Heavy Water,2.0
1.2559238069309033,21.0,Heavy Water,2.0
0.5395596962896768,22.0,Heavy Water,2.0
1.7099807552954474,32.0,Heavy Water,2.0
0.8973092898693197,29.0,Heavy Water,2.0
0.7877156021254783,31.0,Heavy Water,2.0
0.5928433160928357,36.0,Heavy Water,2.0
1.6389525750654368,34.0,Heavy Water,2.0
0.6285245986045017,29.0,Heavy Water,2.0
0.8625923065757236,35.0,Heavy Water,2.0
0.717166220824499,28.0,Heavy Water,2.0
0.533772956456658,23.0,Heavy Water,2.0
0.8090478518483127,25.0,Heavy Water,2.0
0.8435458155004573,20.0,Heavy Water,2.0
0.6542361005736685,26.0,Heavy Water,2.0
0.5616982998873057,27.0,Heavy Water,2.0
1.2363877847690876,21.0,Heavy Water,2.0
0.46789811783753515,33.0,Heavy Water,2.0
0.5772597640339435,23.0,Heavy Water,2.0
0.8619305171134272,35.0,Heavy Water,2.0
0.3066062394594563,35.0,Heavy Water,2.0
0.5220227735771945,29.0,Heavy Water,2.0
1.507617493323658,23.0,Heavy Water,2.0
0.7022844753626537,31.0,Heavy Water,2.0
0.5418335669925259,42.0,Heavy Water,2.0
0.4944371426242526,27.0,Heavy Water,2.0
0.5654892463003632,27.0,Heavy Water,2.0
0.568639905893952,34.0,Heavy Water,2.0
0.36482727911503493,32.0,Heavy Water,2.0
0.76604594850624,34.0,Heavy Water,2.0
0.17397909027356204,20.0,Heavy Water,2.0
0.3327502983713528,19.0,Heavy Water,2.0
0.48846202822302626,26.0,Heavy Water,2.0
0.567710872924395,27.0,Heavy Water,2.0
0.6347007775629849,35.0,Heavy Water,2.0
0.22130107615961556,25.0,Heavy Water,2.0
0.6898845445005162,31.0,Heavy Water,2.0
1.1604083424223075,35.0,Heavy Water,2.0
0.6338503591738901,19.0,Heavy Water,2.0
0.4531074435315393,27.0,Heavy Water,2.0
0.3284233040634895,22.0,Heavy Water,2.0
1.826107469046739,34.0,Heavy Water,2.0
0.2975280054589181,28.0,Heavy Water,2.0
0.6061357138055243,30.0,Heavy Water,2.0
0.9011390664462733,33.0,Heavy Water,2.0
1.6910005272781776,24.0,Heavy Water,2.0
0.4445431776009048,26.0,Heavy Water,2.0
0.9580106178124257,27.0,Heavy Water,2.0
0.5318768962760967,26.0,Heavy Water,2.0
0.47148778811478126,33.0,Heavy Water,2.0
1.4596281809856593,34.0,Heavy Water,2.0
0.9310958227480477,25.0,Heavy Water,2.0
1.355489766226912,33.0,Heavy Water,2.0
0.37497391000246555,23.0,Heavy Water,2.0
0.6281858359060604,32.0,Heavy Water,2.0
0.98859977273275,25.0,Heavy Water,2.0
0.6993957169120993,29.0,Heavy Water,2.0
0.213955851719641,20.0,Heavy Water,2.0
0.7867244451577088,27.0,Heavy Water,2.0
1.9114833629146395,42.0,Heavy Water,2.0
1.1442247736823825,45.0,Heavy Water,2.0
0.9995498424178499,20.0,Heavy Water,2.0
0.2711034439189584,33.0,Heavy Water,2.0
0.7232550872978024,29.0,Heavy Water,2.0
1.0155413651693868,26.0,Heavy Water,2.0
0.46108567351252666,22.0,Heavy Water,2.0
0.4671992433211766,36.0,Heavy Water,2.0
0.5436757933217004,29.0,Heavy Water,2.0
1.174397640585125,28.0,Heavy Water,2.0
0.5673650643380118,22.0,Heavy Water,2.0
1.7615827138581612,36.0,Heavy Water,2.0
0.5373123718165175,26.0,Heavy Water,2.0
0.7116001042935869,26.0,Heavy Water,2.0
1.0379090410962772,28.0,Heavy Water,2.0
1.7979910815212923,32.0,Heavy Water,2.0
0.2535744521893478,24.0,Heavy Water,2.0
0.8439791669173742,25.0,Heavy Water,2.0
0.7618378083556704,30.0,Heavy Water,2.0
0.5974284611535703,30.0,Heavy Water,2.0
1.404275835839971,27.0,Heavy Water,2.0
0.545365120781079,32.0,Heavy Water,2.0
0.24434978556751877,29.0,Heavy Water,2.0
0.8428774166299445,39.0,Heavy Water,2.0
1.32343480081342,36.0,Heavy Water,2.0
0.49587868447662486,23.0,Heavy Water,2.0
0.5441423707364056,27.0,Heavy Water,2.0
0.6869116680151794,29.0,Heavy Water,2.0
1.159636321477489,26.0,Heavy Water,2.0
0.3969296210448424,36.0,Heavy Water,2.0
4.030266263409421,40.0,Heavy Water,2.0
1.4485138093514764,42.0,Heavy Water,2.0
0.32248097046965735,25.0,Heavy Water,2.0
1.271035561266683,34.0,Heavy Water,2.0
1.348350463794906,39.0,Heavy Water,2.0
0.6300391272686546,21.0,Heavy Water,2.0
0.46344707254718465,19.0,Heavy Water,2.0
1.6324165451251846,30.0,Heavy Water,2.0
0.42387703704456214,21.0,Heavy Water,2.0
0.6480027453750635,22.0,Heavy Water,2.0
0.9782920511622498,28.0,Heavy Water,2.0
1.7278513264566329,39.0,Heavy Water,2.0
1.389665545264568,25.0,Heavy Water,2.0
0.9093035673059022,40.0,Heavy Water,2.0
0.6811914940705234,32.0,Heavy Water,2.0
0.8121294418988818,30.0,Heavy Water,2.0
0.4281896325434122,27.0,Heavy Water,2.0
0.6759656614023799,41.0,Heavy Water,2.0
1.7410902882323502,23.0,Heavy Water,2.0
0.8025676375385082,24.0,Heavy Water,2.0
0.8072529088423096,20.0,Heavy Water,2.0
1.0146928416786596,26.0,Heavy Water,2.0
0.3260610358639607,25.0,Heavy Water,2.0
1.3374759488645065,42.0,Heavy Water,2.0
1.6852227923978607,29.0,Heavy Water,2.0
0.8861880874310007,24.0,Heavy Water,2.0
0.581614137208667,39.0,Heavy Water,2.0
0.2866814583309403,25.0,Heavy Water,2.0
0.44130032208343706,33.0,Heavy Water,2.0
0.5904545915898138,22.0,Heavy Water,2.0
0.18739793726766626,26.0,Heavy Water,2.0
0.5331454900300258,25.0,Heavy Water,2.0
0.3718073382430127,24.0,Heavy Water,2.0
1.0734711607997272,37.0,Heavy Water,2.0
0.45777747741495284,28.0,Heavy Water,2.0
1.0176804146217413,35.0,Heavy Water,2.0
0.5321270855023202,29.0,Heavy Water,2.0
0.39383381856329724,27.0,Heavy Water,2.0
